ISO-10303-21;
HEADER;
FILE_DESCRIPTION((''),'2;1');
FILE_NAME('4500521862823','2023-12-18T14:21:36',('JGoswami'),(''),
'CREO PARAMETRIC BY PTC INC, 2021304','CREO PARAMETRIC BY PTC INC, 2021304','');
FILE_SCHEMA(('CONFIG_CONTROL_DESIGN'));
ENDSEC;
DATA;
#2=DIRECTION('',(0.E0,0.E0,-1.E0));
#3=VECTOR('',#2,1.574803149606E-3);
#4=CARTESIAN_POINT('',(-6.299212598425E-2,-2.342519685039E-2,
1.574803149606E-3));
#5=LINE('',#4,#3);
#6=DIRECTION('',(-1.762479051592E-14,0.E0,1.E0));
#7=VECTOR('',#6,1.574803149606E-3);
#8=CARTESIAN_POINT('',(-4.318573730862E-2,8.858267716535E-3,0.E0));
#9=LINE('',#8,#7);
#10=CARTESIAN_POINT('',(-6.496062992126E-2,0.E0,0.E0));
#11=DIRECTION('',(0.E0,0.E0,1.E0));
#12=DIRECTION('',(8.373846778277E-2,-9.964877666150E-1,0.E0));
#13=AXIS2_PLACEMENT_3D('',#10,#11,#12);
#15=DIRECTION('',(-1.E0,0.E0,0.E0));
#16=VECTOR('',#15,1.562668219051E-2);
#17=CARTESIAN_POINT('',(-2.755905511811E-2,8.858267716535E-3,0.E0));
#18=LINE('',#17,#16);
#19=DIRECTION('',(1.E0,0.E0,0.E0));
#20=VECTOR('',#19,2.007874015748E-2);
#21=CARTESIAN_POINT('',(-4.763779527559E-2,1.589132640998E-2,0.E0));
#22=LINE('',#21,#20);
#23=CARTESIAN_POINT('',(-6.496062992126E-2,0.E0,0.E0));
#24=DIRECTION('',(0.E0,0.E0,-1.E0));
#25=DIRECTION('',(8.373846778277E-2,9.964877666150E-1,0.E0));
#26=AXIS2_PLACEMENT_3D('',#23,#24,#25);
#28=DIRECTION('',(0.E0,1.E0,0.E0));
#29=VECTOR('',#28,9.155110666779E-3);
#30=CARTESIAN_POINT('',(2.755905511811E-2,-2.460629921260E-2,0.E0));
#31=LINE('',#30,#29);
#32=CARTESIAN_POINT('',(2.463902859514E-2,-2.421259842520E-2,
3.192562331778E-2));
#33=CARTESIAN_POINT('',(2.561237076946E-2,-2.421259842520E-2,
2.128374887852E-2));
#34=CARTESIAN_POINT('',(2.658571294379E-2,-2.440944881890E-2,
1.064187443926E-2));
#35=CARTESIAN_POINT('',(2.755905511811E-2,-2.460629921260E-2,0.E0));
#37=CARTESIAN_POINT('',(2.755905511811E-2,2.460629921260E-2,0.E0));
#38=CARTESIAN_POINT('',(2.658571294379E-2,2.440944881890E-2,1.064187443926E-2));
#39=CARTESIAN_POINT('',(2.561237076946E-2,2.421259842520E-2,2.128374887852E-2));
#40=CARTESIAN_POINT('',(2.463902859514E-2,2.421259842520E-2,3.192562331778E-2));
#42=DIRECTION('',(0.E0,1.E0,0.E0));
#43=VECTOR('',#42,3.346456692913E-2);
#44=CARTESIAN_POINT('',(2.755905511811E-2,-8.858267716535E-3,0.E0));
#45=LINE('',#44,#43);
#46=DIRECTION('',(-9.108322716943E-2,0.E0,9.958432837191E-1));
#47=VECTOR('',#46,1.581376482979E-3);
#48=CARTESIAN_POINT('',(2.755905511811E-2,-8.858267716535E-3,0.E0));
#49=LINE('',#48,#47);
#50=DIRECTION('',(0.E0,1.E0,0.E0));
#51=VECTOR('',#50,6.592920829284E-3);
#52=CARTESIAN_POINT('',(2.741501824467E-2,-1.545118854582E-2,
1.574803149606E-3));
#53=LINE('',#52,#51);
#54=DIRECTION('',(9.108322716943E-2,0.E0,-9.958432837191E-1));
#55=VECTOR('',#54,1.581376482979E-3);
#56=CARTESIAN_POINT('',(2.741501824467E-2,-1.545118854582E-2,
1.574803149606E-3));
#57=LINE('',#56,#55);
#58=CARTESIAN_POINT('',(2.424696431021E-2,-2.421259842520E-2,
3.188976377953E-2));
#59=DIRECTION('',(9.108322716944E-2,0.E0,-9.958432837191E-1));
#60=DIRECTION('',(9.958432837191E-1,0.E0,9.108322716945E-2));
#61=AXIS2_PLACEMENT_3D('',#58,#59,#60);
#63=DIRECTION('',(1.E0,0.E0,0.E0));
#64=VECTOR('',#63,2.362204724409E-2);
#65=CARTESIAN_POINT('',(-3.937007874016E-2,-2.460629921260E-2,
-8.661417322835E-3));
#66=LINE('',#65,#64);
#67=DIRECTION('',(0.E0,0.E0,-1.E0));
#68=VECTOR('',#67,7.874015748031E-4);
#69=CARTESIAN_POINT('',(-3.937007874016E-2,-2.460629921260E-2,
-7.874015748031E-3));
#70=LINE('',#69,#68);
#71=DIRECTION('',(0.E0,0.E0,-1.E0));
#72=VECTOR('',#71,7.874015748031E-3);
#73=CARTESIAN_POINT('',(-6.299212598425E-2,-2.460629921260E-2,0.E0));
#74=LINE('',#73,#72);
#75=DIRECTION('',(-1.E0,0.E0,0.E0));
#76=VECTOR('',#75,1.771653543307E-2);
#77=CARTESIAN_POINT('',(-4.527559055118E-2,-2.460629921260E-2,0.E0));
#78=LINE('',#77,#76);
#79=DIRECTION('',(-1.E0,0.E0,0.E0));
#80=VECTOR('',#79,1.574803149606E-2);
#81=CARTESIAN_POINT('',(-2.952755905512E-2,-2.460629921260E-2,
7.874015748031E-4));
#82=LINE('',#81,#80);
#83=DIRECTION('',(0.E0,0.E0,1.E0));
#84=VECTOR('',#83,7.874015748031E-4);
#85=CARTESIAN_POINT('',(-2.952755905512E-2,-2.460629921260E-2,0.E0));
#86=LINE('',#85,#84);
#87=DIRECTION('',(-1.E0,0.E0,0.E0));
#88=VECTOR('',#87,1.968503937008E-3);
#89=CARTESIAN_POINT('',(-2.755905511811E-2,-2.460629921260E-2,0.E0));
#90=LINE('',#89,#88);
#91=CARTESIAN_POINT('',(-2.424696431021E-2,-2.460629921260E-2,
3.188976377953E-2));
#92=CARTESIAN_POINT('',(-2.455394572058E-2,-2.460629921260E-2,
2.853343369285E-2));
#93=CARTESIAN_POINT('',(-2.521813117034E-2,-2.460629921260E-2,
2.169699807828E-2));
#94=CARTESIAN_POINT('',(-2.634326554815E-2,-2.460629921260E-2,
1.106892164503E-2));
#95=CARTESIAN_POINT('',(-2.714345304187E-2,-2.460629921260E-2,
3.731477662842E-3));
#96=CARTESIAN_POINT('',(-2.755905511811E-2,-2.460629921260E-2,0.E0));
#98=CARTESIAN_POINT('',(2.755905511811E-2,-2.460629921260E-2,0.E0));
#99=CARTESIAN_POINT('',(2.714345360339E-2,-2.460629921260E-2,
3.731472556710E-3));
#100=CARTESIAN_POINT('',(2.634326685157E-2,-2.460629921260E-2,
1.106890973007E-2));
#101=CARTESIAN_POINT('',(2.521813237584E-2,-2.460629921260E-2,
2.169698615219E-2));
#102=CARTESIAN_POINT('',(2.455394618848E-2,-2.460629921260E-2,
2.853342857715E-2));
#103=CARTESIAN_POINT('',(2.424696431021E-2,-2.460629921260E-2,
3.188976377953E-2));
#105=DIRECTION('',(-1.E0,0.E0,0.E0));
#106=VECTOR('',#105,2.362204724409E-2);
#107=CARTESIAN_POINT('',(5.118110236220E-2,-2.460629921260E-2,0.E0));
#108=LINE('',#107,#106);
#109=DIRECTION('',(-1.E0,0.E0,0.E0));
#110=VECTOR('',#109,7.874015748031E-3);
#111=CARTESIAN_POINT('',(5.905511811024E-2,-2.460629921260E-2,
1.574803149606E-3));
#112=LINE('',#111,#110);
#113=DIRECTION('',(0.E0,0.E0,1.E0));
#114=VECTOR('',#113,1.574803149606E-3);
#115=CARTESIAN_POINT('',(5.905511811024E-2,-2.460629921260E-2,0.E0));
#116=LINE('',#115,#114);
#117=DIRECTION('',(-1.E0,0.E0,0.E0));
#118=VECTOR('',#117,3.937007874016E-3);
#119=CARTESIAN_POINT('',(6.299212598425E-2,-2.460629921260E-2,0.E0));
#120=LINE('',#119,#118);
#121=DIRECTION('',(-1.E0,0.E0,0.E0));
#122=VECTOR('',#121,7.874015748031E-2);
#123=CARTESIAN_POINT('',(6.299212598425E-2,-2.460629921260E-2,
-7.874015748031E-3));
#124=LINE('',#123,#122);
#125=DIRECTION('',(0.E0,-1.E0,0.E0));
#126=VECTOR('',#125,8.661417322835E-3);
#127=CARTESIAN_POINT('',(6.299212598425E-2,-1.594488188976E-2,
-7.874015748031E-3));
#128=LINE('',#127,#126);
#129=DIRECTION('',(0.E0,-1.E0,0.E0));
#130=VECTOR('',#129,9.055118110236E-3);
#131=CARTESIAN_POINT('',(6.299212598425E-2,2.460629921260E-2,
-7.874015748031E-3));
#132=LINE('',#131,#130);
#133=DIRECTION('',(1.E0,0.E0,0.E0));
#134=VECTOR('',#133,7.874015748031E-2);
#135=CARTESIAN_POINT('',(-1.574803149606E-2,2.460629921260E-2,
-7.874015748031E-3));
#136=LINE('',#135,#134);
#137=DIRECTION('',(0.E0,1.E0,0.E0));
#138=VECTOR('',#137,7.874015748031E-3);
#139=CARTESIAN_POINT('',(-6.181102362205E-2,-2.381889763780E-2,
-7.874015748031E-3));
#140=LINE('',#139,#138);
#141=DIRECTION('',(1.E0,0.E0,0.E0));
#142=VECTOR('',#141,1.181102362205E-3);
#143=CARTESIAN_POINT('',(-6.299212598425E-2,-1.594488188976E-2,
-7.874015748031E-3));
#144=LINE('',#143,#142);
#145=DIRECTION('',(0.E0,1.E0,0.E0));
#146=VECTOR('',#145,8.661417322835E-3);
#147=CARTESIAN_POINT('',(-6.299212598425E-2,-2.460629921260E-2,
-7.874015748031E-3));
#148=LINE('',#147,#146);
#149=DIRECTION('',(-1.E0,0.E0,0.E0));
#150=VECTOR('',#149,2.362204724409E-2);
#151=CARTESIAN_POINT('',(-3.937007874016E-2,-2.460629921260E-2,
-7.874015748031E-3));
#152=LINE('',#151,#150);
#153=DIRECTION('',(1.E0,0.E0,0.E0));
#154=VECTOR('',#153,2.362204724409E-2);
#155=CARTESIAN_POINT('',(-6.299212598425E-2,2.460629921260E-2,
-7.874015748031E-3));
#156=LINE('',#155,#154);
#157=DIRECTION('',(0.E0,1.E0,0.E0));
#158=VECTOR('',#157,9.055118110236E-3);
#159=CARTESIAN_POINT('',(-6.299212598425E-2,1.555118110236E-2,
-7.874015748031E-3));
#160=LINE('',#159,#158);
#161=DIRECTION('',(1.E0,0.E0,0.E0));
#162=VECTOR('',#161,1.181102362205E-3);
#163=CARTESIAN_POINT('',(-6.299212598425E-2,1.555118110236E-2,
-7.874015748031E-3));
#164=LINE('',#163,#162);
#165=DIRECTION('',(0.E0,1.E0,0.E0));
#166=VECTOR('',#165,7.874015748031E-3);
#167=CARTESIAN_POINT('',(-6.181102362205E-2,1.555118110236E-2,
-7.874015748031E-3));
#168=LINE('',#167,#166);
#169=DIRECTION('',(1.E0,0.E0,0.E0));
#170=VECTOR('',#169,1.692913385827E-2);
#171=CARTESIAN_POINT('',(-6.181102362205E-2,2.342519685039E-2,
-7.874015748031E-3));
#172=LINE('',#171,#170);
#173=DIRECTION('',(0.E0,1.E0,0.E0));
#174=VECTOR('',#173,4.724409448819E-2);
#175=CARTESIAN_POINT('',(-4.488188976378E-2,-2.381889763780E-2,
-7.874015748031E-3));
#176=LINE('',#175,#174);
#177=DIRECTION('',(1.E0,0.E0,0.E0));
#178=VECTOR('',#177,1.692913385827E-2);
#179=CARTESIAN_POINT('',(-6.181102362205E-2,-2.381889763780E-2,
-7.874015748031E-3));
#180=LINE('',#179,#178);
#181=DIRECTION('',(0.E0,-1.E0,0.E0));
#182=VECTOR('',#181,4.921259842520E-2);
#183=CARTESIAN_POINT('',(-1.574803149606E-2,2.460629921260E-2,
-7.874015748031E-3));
#184=LINE('',#183,#182);
#185=DIRECTION('',(0.E0,1.E0,0.E0));
#186=VECTOR('',#185,4.921259842520E-2);
#187=CARTESIAN_POINT('',(-1.574803149606E-2,-2.460629921260E-2,
-8.661417322835E-3));
#188=LINE('',#187,#186);
#189=DIRECTION('',(0.E0,0.E0,-1.E0));
#190=VECTOR('',#189,7.874015748031E-4);
#191=CARTESIAN_POINT('',(-1.574803149606E-2,-2.460629921260E-2,
-7.874015748031E-3));
#192=LINE('',#191,#190);
#193=DIRECTION('',(1.E0,0.E0,0.E0));
#194=VECTOR('',#193,2.362204724409E-2);
#195=CARTESIAN_POINT('',(2.755905511811E-2,2.460629921260E-2,0.E0));
#196=LINE('',#195,#194);
#197=CARTESIAN_POINT('',(2.424696431021E-2,2.460629921260E-2,
3.188976377953E-2));
#198=CARTESIAN_POINT('',(2.455394572058E-2,2.460629921260E-2,
2.853343369285E-2));
#199=CARTESIAN_POINT('',(2.521813117034E-2,2.460629921260E-2,
2.169699807828E-2));
#200=CARTESIAN_POINT('',(2.634326554815E-2,2.460629921260E-2,
1.106892164503E-2));
#201=CARTESIAN_POINT('',(2.714345304187E-2,2.460629921260E-2,
3.731477662842E-3));
#202=CARTESIAN_POINT('',(2.755905511811E-2,2.460629921260E-2,0.E0));
#204=CARTESIAN_POINT('',(-2.755905511811E-2,2.460629921260E-2,0.E0));
#205=CARTESIAN_POINT('',(-2.714345360339E-2,2.460629921260E-2,
3.731472556710E-3));
#206=CARTESIAN_POINT('',(-2.634326685157E-2,2.460629921260E-2,
1.106890973007E-2));
#207=CARTESIAN_POINT('',(-2.521813237584E-2,2.460629921260E-2,
2.169698615219E-2));
#208=CARTESIAN_POINT('',(-2.455394618848E-2,2.460629921260E-2,
2.853342857715E-2));
#209=CARTESIAN_POINT('',(-2.424696431021E-2,2.460629921260E-2,
3.188976377953E-2));
#211=DIRECTION('',(1.E0,0.E0,0.E0));
#212=VECTOR('',#211,1.968503937008E-3);
#213=CARTESIAN_POINT('',(-2.952755905512E-2,2.460629921260E-2,0.E0));
#214=LINE('',#213,#212);
#215=DIRECTION('',(1.E0,0.E0,0.E0));
#216=VECTOR('',#215,1.574803149606E-2);
#217=CARTESIAN_POINT('',(-4.527559055118E-2,2.460629921260E-2,
7.874015748031E-4));
#218=LINE('',#217,#216);
#219=DIRECTION('',(0.E0,0.E0,1.E0));
#220=VECTOR('',#219,7.874015748031E-4);
#221=CARTESIAN_POINT('',(-4.527559055118E-2,2.460629921260E-2,0.E0));
#222=LINE('',#221,#220);
#223=DIRECTION('',(1.E0,0.E0,0.E0));
#224=VECTOR('',#223,1.771653543307E-2);
#225=CARTESIAN_POINT('',(-6.299212598425E-2,2.460629921260E-2,0.E0));
#226=LINE('',#225,#224);
#227=DIRECTION('',(-1.E0,0.E0,0.E0));
#228=VECTOR('',#227,2.362204724409E-2);
#229=CARTESIAN_POINT('',(-1.574803149606E-2,2.460629921260E-2,
-8.661417322835E-3));
#230=LINE('',#229,#228);
#231=DIRECTION('',(0.E0,0.E0,-1.E0));
#232=VECTOR('',#231,7.874015748031E-4);
#233=CARTESIAN_POINT('',(-1.574803149606E-2,2.460629921260E-2,
-7.874015748031E-3));
#234=LINE('',#233,#232);
#235=DIRECTION('',(0.E0,0.E0,-1.E0));
#236=VECTOR('',#235,7.874015748031E-3);
#237=CARTESIAN_POINT('',(6.299212598425E-2,2.460629921260E-2,0.E0));
#238=LINE('',#237,#236);
#239=DIRECTION('',(1.E0,0.E0,0.E0));
#240=VECTOR('',#239,3.937007874016E-3);
#241=CARTESIAN_POINT('',(5.905511811024E-2,2.460629921260E-2,0.E0));
#242=LINE('',#241,#240);
#243=DIRECTION('',(1.E0,0.E0,0.E0));
#244=VECTOR('',#243,7.874015748031E-3);
#245=CARTESIAN_POINT('',(5.118110236220E-2,2.460629921260E-2,
1.574803149606E-3));
#246=LINE('',#245,#244);
#247=DIRECTION('',(1.321859288694E-14,0.E0,1.E0));
#248=VECTOR('',#247,1.574803149606E-3);
#249=CARTESIAN_POINT('',(5.118110236220E-2,2.460629921260E-2,0.E0));
#250=LINE('',#249,#248);
#251=CARTESIAN_POINT('',(2.424696431021E-2,2.421259842520E-2,
3.188976377953E-2));
#252=DIRECTION('',(9.108322716944E-2,0.E0,-9.958432837191E-1));
#253=DIRECTION('',(0.E0,1.E0,0.E0));
#254=AXIS2_PLACEMENT_3D('',#251,#252,#253);
#256=CARTESIAN_POINT('',(2.424696431021E-2,2.421259842520E-2,
3.188976377953E-2));
#257=DIRECTION('',(1.E0,0.E0,0.E0));
#258=DIRECTION('',(0.E0,1.E0,0.E0));
#259=AXIS2_PLACEMENT_3D('',#256,#257,#258);
#261=CARTESIAN_POINT('',(2.424696431021E-2,2.421259842520E-2,
3.188976377953E-2));
#262=DIRECTION('',(0.E0,1.E0,0.E0));
#263=DIRECTION('',(0.E0,0.E0,1.E0));
#264=AXIS2_PLACEMENT_3D('',#261,#262,#263);
#266=DIRECTION('',(-1.E0,0.E0,0.E0));
#267=VECTOR('',#266,4.849392862043E-2);
#268=CARTESIAN_POINT('',(2.424696431021E-2,2.460629921260E-2,
3.188976377953E-2));
#269=LINE('',#268,#267);
#270=DIRECTION('',(1.E0,0.E0,0.E0));
#271=VECTOR('',#270,4.849392862043E-2);
#272=CARTESIAN_POINT('',(-2.424696431021E-2,2.421259842520E-2,
3.228346456693E-2));
#273=LINE('',#272,#271);
#274=DIRECTION('',(0.E0,-1.E0,0.E0));
#275=VECTOR('',#274,4.842519685039E-2);
#276=CARTESIAN_POINT('',(2.424696431021E-2,2.421259842520E-2,
3.228346456693E-2));
#277=LINE('',#276,#275);
#278=DIRECTION('',(0.E0,1.E0,0.E0));
#279=VECTOR('',#278,4.842519685039E-2);
#280=CARTESIAN_POINT('',(2.463902859514E-2,-2.421259842520E-2,
3.192562331778E-2));
#281=LINE('',#280,#279);
#282=CARTESIAN_POINT('',(2.424696431021E-2,-2.421259842520E-2,
3.188976377953E-2));
#283=DIRECTION('',(1.E0,0.E0,0.E0));
#284=DIRECTION('',(0.E0,0.E0,1.E0));
#285=AXIS2_PLACEMENT_3D('',#282,#283,#284);
#287=CARTESIAN_POINT('',(2.424696431021E-2,-2.421259842520E-2,
3.188976377953E-2));
#288=DIRECTION('',(0.E0,-1.E0,0.E0));
#289=DIRECTION('',(9.958432837191E-1,0.E0,9.108322716943E-2));
#290=AXIS2_PLACEMENT_3D('',#287,#288,#289);
#292=DIRECTION('',(1.E0,0.E0,0.E0));
#293=VECTOR('',#292,4.849392862043E-2);
#294=CARTESIAN_POINT('',(-2.424696431021E-2,-2.460629921260E-2,
3.188976377953E-2));
#295=LINE('',#294,#293);
#296=DIRECTION('',(-1.E0,0.E0,0.E0));
#297=VECTOR('',#296,4.849392862043E-2);
#298=CARTESIAN_POINT('',(2.424696431021E-2,-2.421259842520E-2,
3.228346456693E-2));
#299=LINE('',#298,#297);
#300=CARTESIAN_POINT('',(-2.424696431021E-2,-2.421259842520E-2,
3.188976377953E-2));
#301=DIRECTION('',(0.E0,-1.E0,0.E0));
#302=DIRECTION('',(0.E0,0.E0,1.E0));
#303=AXIS2_PLACEMENT_3D('',#300,#301,#302);
#305=CARTESIAN_POINT('',(-2.424696431021E-2,-2.421259842520E-2,
3.188976377953E-2));
#306=DIRECTION('',(-1.E0,0.E0,0.E0));
#307=DIRECTION('',(0.E0,-1.E0,0.E0));
#308=AXIS2_PLACEMENT_3D('',#305,#306,#307);
#310=CARTESIAN_POINT('',(-2.424696431021E-2,-2.421259842520E-2,
3.188976377953E-2));
#311=DIRECTION('',(-9.108322716943E-2,0.E0,-9.958432837191E-1));
#312=DIRECTION('',(0.E0,-1.E0,0.E0));
#313=AXIS2_PLACEMENT_3D('',#310,#311,#312);
#315=DIRECTION('',(-9.108322716943E-2,0.E0,-9.958432837191E-1));
#316=VECTOR('',#315,1.581376482979E-3);
#317=CARTESIAN_POINT('',(-2.741501824467E-2,1.589132640998E-2,
1.574803149606E-3));
#318=LINE('',#317,#316);
#319=DIRECTION('',(0.E0,1.E0,0.E0));
#320=VECTOR('',#319,8.714972802619E-3);
#321=CARTESIAN_POINT('',(-2.755905511811E-2,1.589132640998E-2,0.E0));
#322=LINE('',#321,#320);
#323=CARTESIAN_POINT('',(-2.463902859514E-2,2.421259842520E-2,
3.192562331778E-2));
#324=CARTESIAN_POINT('',(-2.561237076946E-2,2.421259842520E-2,
2.128374887852E-2));
#325=CARTESIAN_POINT('',(-2.658571294379E-2,2.440944881890E-2,
1.064187443926E-2));
#326=CARTESIAN_POINT('',(-2.755905511811E-2,2.460629921260E-2,0.E0));
#328=CARTESIAN_POINT('',(-2.755905511811E-2,-2.460629921260E-2,0.E0));
#329=CARTESIAN_POINT('',(-2.658571294379E-2,-2.440944881890E-2,
1.064187443926E-2));
#330=CARTESIAN_POINT('',(-2.561237076946E-2,-2.421259842520E-2,
2.128374887852E-2));
#331=CARTESIAN_POINT('',(-2.463902859514E-2,-2.421259842520E-2,
3.192562331778E-2));
#333=DIRECTION('',(0.E0,1.E0,0.E0));
#334=VECTOR('',#333,3.346456692913E-2);
#335=CARTESIAN_POINT('',(-2.755905511811E-2,-2.460629921260E-2,0.E0));
#336=LINE('',#335,#334);
#337=DIRECTION('',(9.108322716943E-2,0.E0,9.958432837191E-1));
#338=VECTOR('',#337,1.581376482979E-3);
#339=CARTESIAN_POINT('',(-2.755905511811E-2,8.858267716535E-3,0.E0));
#340=LINE('',#339,#338);
#341=DIRECTION('',(0.E0,1.E0,0.E0));
#342=VECTOR('',#341,7.033058693444E-3);
#343=CARTESIAN_POINT('',(-2.741501824467E-2,8.858267716535E-3,
1.574803149606E-3));
#344=LINE('',#343,#342);
#345=DIRECTION('',(1.E0,0.E0,0.E0));
#346=VECTOR('',#345,2.022277703092E-2);
#347=CARTESIAN_POINT('',(-4.763779527559E-2,1.589132640998E-2,
1.574803149606E-3));
#348=LINE('',#347,#346);
#349=CARTESIAN_POINT('',(-6.496062992126E-2,0.E0,1.574803149606E-3));
#350=DIRECTION('',(0.E0,0.E0,1.E0));
#351=DIRECTION('',(1.E0,0.E0,0.E0));
#352=AXIS2_PLACEMENT_3D('',#349,#350,#351);
#354=CARTESIAN_POINT('',(-6.496062992126E-2,0.E0,1.574803149606E-3));
#355=DIRECTION('',(0.E0,0.E0,1.E0));
#356=DIRECTION('',(8.373846778278E-2,-9.964877666150E-1,0.E0));
#357=AXIS2_PLACEMENT_3D('',#354,#355,#356);
#359=CARTESIAN_POINT('',(-6.496062992126E-2,0.E0,1.574803149606E-3));
#360=DIRECTION('',(0.E0,0.E0,-1.E0));
#361=DIRECTION('',(1.E0,0.E0,0.E0));
#362=AXIS2_PLACEMENT_3D('',#359,#360,#361);
#364=CARTESIAN_POINT('',(-6.496062992126E-2,0.E0,1.574803149606E-3));
#365=DIRECTION('',(0.E0,0.E0,-1.E0));
#366=DIRECTION('',(1.999600119960E-1,9.798040587804E-1,0.E0));
#367=AXIS2_PLACEMENT_3D('',#364,#365,#366);
#369=CARTESIAN_POINT('',(-6.496062992126E-2,0.E0,1.574803149606E-3));
#370=DIRECTION('',(0.E0,0.E0,1.E0));
#371=DIRECTION('',(7.368985164884E-1,6.760033849007E-1,0.E0));
#372=AXIS2_PLACEMENT_3D('',#369,#370,#371);
#374=DIRECTION('',(-1.E0,0.E0,0.E0));
#375=VECTOR('',#374,1.577071906395E-2);
#376=CARTESIAN_POINT('',(-2.741501824467E-2,8.858267716535E-3,
1.574803149606E-3));
#377=LINE('',#376,#375);
#378=DIRECTION('',(0.E0,0.E0,1.E0));
#379=VECTOR('',#378,1.574803149606E-3);
#380=CARTESIAN_POINT('',(-6.299212598425E-2,-1.594488188976E-2,
-9.448818897638E-3));
#381=LINE('',#380,#379);
#382=DIRECTION('',(0.E0,1.E0,0.E0));
#383=VECTOR('',#382,1.377952755906E-2);
#384=CARTESIAN_POINT('',(-6.299212598425E-2,-2.342519685039E-2,
1.574803149606E-3));
#385=LINE('',#384,#383);
#386=DIRECTION('',(2.349972068790E-14,1.E0,0.E0));
#387=VECTOR('',#386,1.181102362205E-3);
#388=CARTESIAN_POINT('',(-6.299212598425E-2,-2.460629921260E-2,0.E0));
#389=LINE('',#388,#387);
#390=DIRECTION('',(0.E0,0.E0,1.E0));
#391=VECTOR('',#390,1.574803149606E-3);
#392=CARTESIAN_POINT('',(-6.181102362205E-2,-1.594488188976E-2,
-9.448818897638E-3));
#393=LINE('',#392,#391);
#394=DIRECTION('',(1.E0,0.E0,0.E0));
#395=VECTOR('',#394,1.181102362205E-3);
#396=CARTESIAN_POINT('',(-6.299212598425E-2,-1.594488188976E-2,
-9.448818897638E-3));
#397=LINE('',#396,#395);
#398=DIRECTION('',(0.E0,0.E0,1.E0));
#399=VECTOR('',#398,1.574803149606E-3);
#400=CARTESIAN_POINT('',(-6.181102362205E-2,-2.381889763780E-2,
-9.448818897638E-3));
#401=LINE('',#400,#399);
#402=DIRECTION('',(0.E0,-1.E0,0.E0));
#403=VECTOR('',#402,7.874015748031E-3);
#404=CARTESIAN_POINT('',(-6.181102362205E-2,-1.594488188976E-2,
-9.448818897638E-3));
#405=LINE('',#404,#403);
#406=DIRECTION('',(0.E0,0.E0,1.E0));
#407=VECTOR('',#406,1.574803149606E-3);
#408=CARTESIAN_POINT('',(-4.488188976378E-2,-2.381889763780E-2,
-9.448818897638E-3));
#409=LINE('',#408,#407);
#410=DIRECTION('',(1.E0,0.E0,0.E0));
#411=VECTOR('',#410,1.692913385827E-2);
#412=CARTESIAN_POINT('',(-6.181102362205E-2,-2.381889763780E-2,
-9.448818897638E-3));
#413=LINE('',#412,#411);
#414=DIRECTION('',(0.E0,0.E0,1.E0));
#415=VECTOR('',#414,1.574803149606E-3);
#416=CARTESIAN_POINT('',(-4.488188976378E-2,2.342519685039E-2,
-9.448818897638E-3));
#417=LINE('',#416,#415);
#418=DIRECTION('',(0.E0,1.E0,0.E0));
#419=VECTOR('',#418,4.724409448819E-2);
#420=CARTESIAN_POINT('',(-4.488188976378E-2,-2.381889763780E-2,
-9.448818897638E-3));
#421=LINE('',#420,#419);
#422=DIRECTION('',(0.E0,0.E0,1.E0));
#423=VECTOR('',#422,1.574803149606E-3);
#424=CARTESIAN_POINT('',(-6.181102362205E-2,2.342519685039E-2,
-9.448818897638E-3));
#425=LINE('',#424,#423);
#426=DIRECTION('',(-1.E0,0.E0,0.E0));
#427=VECTOR('',#426,1.692913385827E-2);
#428=CARTESIAN_POINT('',(-4.488188976378E-2,2.342519685039E-2,
-9.448818897638E-3));
#429=LINE('',#428,#427);
#430=DIRECTION('',(0.E0,0.E0,1.E0));
#431=VECTOR('',#430,1.574803149606E-3);
#432=CARTESIAN_POINT('',(-6.181102362205E-2,1.555118110236E-2,
-9.448818897638E-3));
#433=LINE('',#432,#431);
#434=DIRECTION('',(0.E0,-1.E0,0.E0));
#435=VECTOR('',#434,7.874015748031E-3);
#436=CARTESIAN_POINT('',(-6.181102362205E-2,2.342519685039E-2,
-9.448818897638E-3));
#437=LINE('',#436,#435);
#438=DIRECTION('',(0.E0,0.E0,1.E0));
#439=VECTOR('',#438,1.574803149606E-3);
#440=CARTESIAN_POINT('',(-6.299212598425E-2,1.555118110236E-2,
-9.448818897638E-3));
#441=LINE('',#440,#439);
#442=DIRECTION('',(-1.E0,0.E0,0.E0));
#443=VECTOR('',#442,1.181102362205E-3);
#444=CARTESIAN_POINT('',(-6.181102362205E-2,1.555118110236E-2,
-9.448818897638E-3));
#445=LINE('',#444,#443);
#446=DIRECTION('',(0.E0,1.E0,0.E0));
#447=VECTOR('',#446,1.181102362205E-3);
#448=CARTESIAN_POINT('',(-6.299212598425E-2,2.342519685039E-2,0.E0));
#449=LINE('',#448,#447);
#450=DIRECTION('',(0.E0,1.E0,0.E0));
#451=VECTOR('',#450,1.377952755906E-2);
#452=CARTESIAN_POINT('',(-6.299212598425E-2,9.645669291339E-3,
1.574803149606E-3));
#453=LINE('',#452,#451);
#454=DIRECTION('',(0.E0,0.E0,-1.E0));
#455=VECTOR('',#454,7.874015748031E-3);
#456=CARTESIAN_POINT('',(-6.299212598425E-2,2.460629921260E-2,0.E0));
#457=LINE('',#456,#455);
#458=DIRECTION('',(0.E0,0.E0,-1.E0));
#459=VECTOR('',#458,1.574803149606E-3);
#460=CARTESIAN_POINT('',(-4.763779527559E-2,1.589132640998E-2,
1.574803149606E-3));
#461=LINE('',#460,#459);
#462=DIRECTION('',(0.E0,0.E0,1.E0));
#463=VECTOR('',#462,1.574803149606E-3);
#464=CARTESIAN_POINT('',(-6.299212598425E-2,2.342519685039E-2,0.E0));
#465=LINE('',#464,#463);
#466=DIRECTION('',(0.E0,0.E0,-1.E0));
#467=VECTOR('',#466,1.102362204724E-2);
#468=CARTESIAN_POINT('',(-6.299212598425E-2,9.645669291339E-3,
1.574803149606E-3));
#469=LINE('',#468,#467);
#470=DIRECTION('',(0.E0,0.E0,1.E0));
#471=VECTOR('',#470,1.102362204724E-2);
#472=CARTESIAN_POINT('',(-6.299212598425E-2,-9.645669291339E-3,
-9.448818897638E-3));
#473=LINE('',#472,#471);
#474=DIRECTION('',(0.E0,1.E0,0.E0));
#475=VECTOR('',#474,5.905511811024E-3);
#476=CARTESIAN_POINT('',(-6.299212598425E-2,9.645669291339E-3,
-9.448818897638E-3));
#477=LINE('',#476,#475);
#478=CARTESIAN_POINT('',(-6.496062992126E-2,0.E0,-9.448818897638E-3));
#479=DIRECTION('',(0.E0,0.E0,1.E0));
#480=DIRECTION('',(1.E0,0.E0,0.E0));
#481=AXIS2_PLACEMENT_3D('',#478,#479,#480);
#483=CARTESIAN_POINT('',(-6.496062992126E-2,0.E0,-9.448818897638E-3));
#484=DIRECTION('',(0.E0,0.E0,1.E0));
#485=DIRECTION('',(1.999600119960E-1,-9.798040587804E-1,0.E0));
#486=AXIS2_PLACEMENT_3D('',#483,#484,#485);
#488=DIRECTION('',(0.E0,1.E0,0.E0));
#489=VECTOR('',#488,6.299212598425E-3);
#490=CARTESIAN_POINT('',(-6.299212598425E-2,-1.594488188976E-2,
-9.448818897638E-3));
#491=LINE('',#490,#489);
#492=CARTESIAN_POINT('',(-2.424696431021E-2,2.421259842520E-2,
3.188976377953E-2));
#493=DIRECTION('',(-9.108322716944E-2,0.E0,-9.958432837191E-1));
#494=DIRECTION('',(-9.958432837191E-1,0.E0,9.108322716945E-2));
#495=AXIS2_PLACEMENT_3D('',#492,#493,#494);
#497=CARTESIAN_POINT('',(-2.424696431021E-2,2.421259842520E-2,
3.188976377953E-2));
#498=DIRECTION('',(0.E0,1.E0,0.E0));
#499=DIRECTION('',(-9.958432837191E-1,0.E0,9.108322716943E-2));
#500=AXIS2_PLACEMENT_3D('',#497,#498,#499);
#502=CARTESIAN_POINT('',(-2.424696431021E-2,2.421259842520E-2,
3.188976377953E-2));
#503=DIRECTION('',(-1.E0,0.E0,0.E0));
#504=DIRECTION('',(0.E0,0.E0,1.E0));
#505=AXIS2_PLACEMENT_3D('',#502,#503,#504);
#507=DIRECTION('',(0.E0,-1.E0,0.E0));
#508=VECTOR('',#507,4.842519685039E-2);
#509=CARTESIAN_POINT('',(-2.463902859514E-2,2.421259842520E-2,
3.192562331778E-2));
#510=LINE('',#509,#508);
#511=DIRECTION('',(0.E0,1.E0,0.E0));
#512=VECTOR('',#511,4.842519685039E-2);
#513=CARTESIAN_POINT('',(-2.424696431021E-2,-2.421259842520E-2,
3.228346456693E-2));
#514=LINE('',#513,#512);
#515=DIRECTION('',(0.E0,1.E0,0.E0));
#516=VECTOR('',#515,7.874015748031E-3);
#517=CARTESIAN_POINT('',(-2.952755905512E-2,1.673228346457E-2,0.E0));
#518=LINE('',#517,#516);
#519=DIRECTION('',(0.E0,-1.E0,0.E0));
#520=VECTOR('',#519,7.874015748031E-3);
#521=CARTESIAN_POINT('',(-2.952755905512E-2,2.460629921260E-2,
7.874015748031E-4));
#522=LINE('',#521,#520);
#523=DIRECTION('',(0.E0,0.E0,1.E0));
#524=VECTOR('',#523,7.874015748031E-4);
#525=CARTESIAN_POINT('',(-2.952755905512E-2,2.460629921260E-2,0.E0));
#526=LINE('',#525,#524);
#527=DIRECTION('',(1.E0,0.E0,0.E0));
#528=VECTOR('',#527,1.574803149606E-2);
#529=CARTESIAN_POINT('',(-4.527559055118E-2,1.673228346457E-2,0.E0));
#530=LINE('',#529,#528);
#531=DIRECTION('',(-1.E0,0.E0,0.E0));
#532=VECTOR('',#531,1.574803149606E-2);
#533=CARTESIAN_POINT('',(-2.952755905512E-2,1.673228346457E-2,
7.874015748031E-4));
#534=LINE('',#533,#532);
#535=DIRECTION('',(0.E0,0.E0,1.E0));
#536=VECTOR('',#535,7.874015748031E-4);
#537=CARTESIAN_POINT('',(-2.952755905512E-2,1.673228346457E-2,0.E0));
#538=LINE('',#537,#536);
#539=DIRECTION('',(0.E0,1.E0,0.E0));
#540=VECTOR('',#539,7.874015748031E-3);
#541=CARTESIAN_POINT('',(-4.527559055118E-2,1.673228346457E-2,0.E0));
#542=LINE('',#541,#540);
#543=DIRECTION('',(0.E0,1.E0,0.E0));
#544=VECTOR('',#543,7.874015748031E-3);
#545=CARTESIAN_POINT('',(-4.527559055118E-2,1.673228346457E-2,
7.874015748031E-4));
#546=LINE('',#545,#544);
#547=DIRECTION('',(0.E0,0.E0,1.E0));
#548=VECTOR('',#547,7.874015748031E-4);
#549=CARTESIAN_POINT('',(-4.527559055118E-2,1.673228346457E-2,0.E0));
#550=LINE('',#549,#548);
#551=DIRECTION('',(0.E0,1.E0,0.E0));
#552=VECTOR('',#551,4.921259842520E-2);
#553=CARTESIAN_POINT('',(-3.937007874016E-2,-2.460629921260E-2,
-7.874015748031E-3));
#554=LINE('',#553,#552);
#555=DIRECTION('',(0.E0,-1.E0,0.E0));
#556=VECTOR('',#555,4.921259842520E-2);
#557=CARTESIAN_POINT('',(-3.937007874016E-2,2.460629921260E-2,
-8.661417322835E-3));
#558=LINE('',#557,#556);
#559=DIRECTION('',(0.E0,0.E0,-1.E0));
#560=VECTOR('',#559,7.874015748031E-4);
#561=CARTESIAN_POINT('',(-3.937007874016E-2,2.460629921260E-2,
-7.874015748031E-3));
#562=LINE('',#561,#560);
#563=DIRECTION('',(0.E0,-1.E0,0.E0));
#564=VECTOR('',#563,1.181102362205E-3);
#565=CARTESIAN_POINT('',(6.299212598425E-2,2.460629921260E-2,0.E0));
#566=LINE('',#565,#564);
#567=DIRECTION('',(0.E0,0.E0,1.E0));
#568=VECTOR('',#567,1.574803149606E-3);
#569=CARTESIAN_POINT('',(6.299212598425E-2,1.555118110236E-2,
-9.448818897638E-3));
#570=LINE('',#569,#568);
#571=DIRECTION('',(0.E0,-1.E0,0.E0));
#572=VECTOR('',#571,1.377952755906E-2);
#573=CARTESIAN_POINT('',(6.299212598425E-2,2.342519685039E-2,
1.574803149606E-3));
#574=LINE('',#573,#572);
#575=CARTESIAN_POINT('',(6.496062992126E-2,0.E0,0.E0));
#576=DIRECTION('',(0.E0,0.E0,-1.E0));
#577=DIRECTION('',(-2.512154033483E-1,9.679312068120E-1,0.E0));
#578=AXIS2_PLACEMENT_3D('',#575,#576,#577);
#580=DIRECTION('',(0.E0,0.E0,-1.E0));
#581=VECTOR('',#580,1.574803149606E-3);
#582=CARTESIAN_POINT('',(6.299212598425E-2,2.342519685039E-2,
1.574803149606E-3));
#583=LINE('',#582,#581);
#584=DIRECTION('',(0.E0,0.E0,1.E0));
#585=VECTOR('',#584,1.574803149606E-3);
#586=CARTESIAN_POINT('',(5.905511811024E-2,2.275389605056E-2,0.E0));
#587=LINE('',#586,#585);
#588=CARTESIAN_POINT('',(6.496062992126E-2,0.E0,1.574803149606E-3));
#589=DIRECTION('',(0.E0,0.E0,1.E0));
#590=DIRECTION('',(-8.373846778278E-2,9.964877666150E-1,0.E0));
#591=AXIS2_PLACEMENT_3D('',#588,#589,#590);
#593=CARTESIAN_POINT('',(6.496062992126E-2,0.E0,1.574803149606E-3));
#594=DIRECTION('',(0.E0,0.E0,1.E0));
#595=DIRECTION('',(-2.512154033483E-1,-9.679312068120E-1,0.E0));
#596=AXIS2_PLACEMENT_3D('',#593,#594,#595);
#598=CARTESIAN_POINT('',(6.496062992126E-2,0.E0,1.574803149606E-3));
#599=DIRECTION('',(0.E0,0.E0,1.E0));
#600=DIRECTION('',(-7.536462100450E-1,-6.572802979588E-1,0.E0));
#601=AXIS2_PLACEMENT_3D('',#598,#599,#600);
#603=DIRECTION('',(1.E0,0.E0,0.E0));
#604=VECTOR('',#603,1.562668219051E-2);
#605=CARTESIAN_POINT('',(2.755905511811E-2,-8.858267716535E-3,0.E0));
#606=LINE('',#605,#604);
#607=DIRECTION('',(1.E0,0.E0,0.E0));
#608=VECTOR('',#607,1.577071906395E-2);
#609=CARTESIAN_POINT('',(2.741501824467E-2,-8.858267716535E-3,
1.574803149606E-3));
#610=LINE('',#609,#608);
#611=CARTESIAN_POINT('',(6.496062992126E-2,0.E0,0.E0));
#612=DIRECTION('',(0.E0,0.E0,-1.E0));
#613=DIRECTION('',(-9.262852409065E-1,-3.768231050224E-1,0.E0));
#614=AXIS2_PLACEMENT_3D('',#611,#612,#613);
#616=DIRECTION('',(0.E0,0.E0,-1.E0));
#617=VECTOR('',#616,1.574803149606E-3);
#618=CARTESIAN_POINT('',(5.118110236220E-2,1.904572066053E-2,
1.574803149606E-3));
#619=LINE('',#618,#617);
#620=CARTESIAN_POINT('',(6.496062992126E-2,0.E0,1.574803149606E-3));
#621=DIRECTION('',(0.E0,0.E0,1.E0));
#622=DIRECTION('',(-5.861692744795E-1,8.101886086932E-1,0.E0));
#623=AXIS2_PLACEMENT_3D('',#620,#621,#622);
#625=DIRECTION('',(0.E0,0.E0,1.E0));
#626=VECTOR('',#625,1.574803149606E-3);
#627=CARTESIAN_POINT('',(4.318573730862E-2,-8.858267716535E-3,0.E0));
#628=LINE('',#627,#626);
#629=DIRECTION('',(0.E0,1.E0,0.E0));
#630=VECTOR('',#629,5.560578552068E-3);
#631=CARTESIAN_POINT('',(5.118110236220E-2,1.904572066053E-2,0.E0));
#632=LINE('',#631,#630);
#633=DIRECTION('',(0.E0,1.E0,0.E0));
#634=VECTOR('',#633,5.560578552068E-3);
#635=CARTESIAN_POINT('',(5.118110236220E-2,1.904572066053E-2,
1.574803149606E-3));
#636=LINE('',#635,#634);
#637=DIRECTION('',(0.E0,1.E0,0.E0));
#638=VECTOR('',#637,1.852403162041E-3);
#639=CARTESIAN_POINT('',(5.905511811024E-2,2.275389605056E-2,0.E0));
#640=LINE('',#639,#638);
#641=DIRECTION('',(0.E0,-1.E0,0.E0));
#642=VECTOR('',#641,1.852403162041E-3);
#643=CARTESIAN_POINT('',(5.905511811024E-2,2.460629921260E-2,
1.574803149606E-3));
#644=LINE('',#643,#642);
#645=DIRECTION('',(0.E0,0.E0,1.E0));
#646=VECTOR('',#645,1.574803149606E-3);
#647=CARTESIAN_POINT('',(5.905511811024E-2,2.460629921260E-2,0.E0));
#648=LINE('',#647,#646);
#649=CARTESIAN_POINT('',(6.496062992126E-2,0.E0,1.574803149606E-3));
#650=DIRECTION('',(0.E0,0.E0,-1.E0));
#651=DIRECTION('',(-1.999600119960E-1,-9.798040587804E-1,0.E0));
#652=AXIS2_PLACEMENT_3D('',#649,#650,#651);
#654=DIRECTION('',(0.E0,0.E0,1.E0));
#655=VECTOR('',#654,1.102362204724E-2);
#656=CARTESIAN_POINT('',(6.299212598425E-2,9.645669291339E-3,
-9.448818897638E-3));
#657=LINE('',#656,#655);
#658=CARTESIAN_POINT('',(6.496062992126E-2,0.E0,-9.448818897638E-3));
#659=DIRECTION('',(0.E0,0.E0,1.E0));
#660=DIRECTION('',(-1.999600119960E-1,9.798040587804E-1,0.E0));
#661=AXIS2_PLACEMENT_3D('',#658,#659,#660);
#663=DIRECTION('',(0.E0,0.E0,-1.E0));
#664=VECTOR('',#663,1.102362204724E-2);
#665=CARTESIAN_POINT('',(6.299212598425E-2,-9.645669291339E-3,
1.574803149606E-3));
#666=LINE('',#665,#664);
#667=DIRECTION('',(0.E0,-1.E0,0.E0));
#668=VECTOR('',#667,6.299212598425E-3);
#669=CARTESIAN_POINT('',(6.299212598425E-2,-9.645669291339E-3,
-9.448818897638E-3));
#670=LINE('',#669,#668);
#671=DIRECTION('',(0.E0,-1.E0,0.E0));
#672=VECTOR('',#671,5.905511811024E-3);
#673=CARTESIAN_POINT('',(6.299212598425E-2,1.555118110236E-2,
-9.448818897638E-3));
#674=LINE('',#673,#672);
#675=DIRECTION('',(0.E0,0.E0,-1.E0));
#676=VECTOR('',#675,7.874015748031E-3);
#677=CARTESIAN_POINT('',(6.299212598425E-2,-2.460629921260E-2,0.E0));
#678=LINE('',#677,#676);
#679=DIRECTION('',(0.E0,-1.E0,0.E0));
#680=VECTOR('',#679,1.181102362205E-3);
#681=CARTESIAN_POINT('',(6.299212598425E-2,-2.342519685039E-2,0.E0));
#682=LINE('',#681,#680);
#683=DIRECTION('',(0.E0,-1.E0,0.E0));
#684=VECTOR('',#683,1.377952755906E-2);
#685=CARTESIAN_POINT('',(6.299212598425E-2,-9.645669291339E-3,
1.574803149606E-3));
#686=LINE('',#685,#684);
#687=DIRECTION('',(1.E0,0.E0,0.E0));
#688=VECTOR('',#687,1.181102362205E-3);
#689=CARTESIAN_POINT('',(6.181102362205E-2,-1.594488188976E-2,
-7.874015748031E-3));
#690=LINE('',#689,#688);
#691=DIRECTION('',(0.E0,0.E0,1.E0));
#692=VECTOR('',#691,1.574803149606E-3);
#693=CARTESIAN_POINT('',(6.299212598425E-2,-1.594488188976E-2,
-9.448818897638E-3));
#694=LINE('',#693,#692);
#695=DIRECTION('',(1.E0,0.E0,0.E0));
#696=VECTOR('',#695,1.181102362205E-3);
#697=CARTESIAN_POINT('',(6.181102362205E-2,-1.594488188976E-2,
-9.448818897638E-3));
#698=LINE('',#697,#696);
#699=DIRECTION('',(0.E0,1.E0,0.E0));
#700=VECTOR('',#699,7.874015748031E-3);
#701=CARTESIAN_POINT('',(6.181102362205E-2,-2.381889763780E-2,
-7.874015748031E-3));
#702=LINE('',#701,#700);
#703=DIRECTION('',(0.E0,0.E0,1.E0));
#704=VECTOR('',#703,1.574803149606E-3);
#705=CARTESIAN_POINT('',(6.181102362205E-2,-1.594488188976E-2,
-9.448818897638E-3));
#706=LINE('',#705,#704);
#707=DIRECTION('',(0.E0,1.E0,0.E0));
#708=VECTOR('',#707,7.874015748031E-3);
#709=CARTESIAN_POINT('',(6.181102362205E-2,-2.381889763780E-2,
-9.448818897638E-3));
#710=LINE('',#709,#708);
#711=DIRECTION('',(1.E0,0.E0,0.E0));
#712=VECTOR('',#711,1.692913385827E-2);
#713=CARTESIAN_POINT('',(4.488188976378E-2,-2.381889763780E-2,
-7.874015748031E-3));
#714=LINE('',#713,#712);
#715=DIRECTION('',(0.E0,0.E0,1.E0));
#716=VECTOR('',#715,1.574803149606E-3);
#717=CARTESIAN_POINT('',(6.181102362205E-2,-2.381889763780E-2,
-9.448818897638E-3));
#718=LINE('',#717,#716);
#719=DIRECTION('',(1.E0,0.E0,0.E0));
#720=VECTOR('',#719,1.692913385827E-2);
#721=CARTESIAN_POINT('',(4.488188976378E-2,-2.381889763780E-2,
-9.448818897638E-3));
#722=LINE('',#721,#720);
#723=DIRECTION('',(0.E0,1.E0,0.E0));
#724=VECTOR('',#723,4.724409448819E-2);
#725=CARTESIAN_POINT('',(4.488188976378E-2,-2.381889763780E-2,
-7.874015748031E-3));
#726=LINE('',#725,#724);
#727=DIRECTION('',(0.E0,0.E0,1.E0));
#728=VECTOR('',#727,1.574803149606E-3);
#729=CARTESIAN_POINT('',(4.488188976378E-2,-2.381889763780E-2,
-9.448818897638E-3));
#730=LINE('',#729,#728);
#731=DIRECTION('',(0.E0,-1.E0,0.E0));
#732=VECTOR('',#731,4.724409448819E-2);
#733=CARTESIAN_POINT('',(4.488188976378E-2,2.342519685039E-2,
-9.448818897638E-3));
#734=LINE('',#733,#732);
#735=DIRECTION('',(1.E0,0.E0,0.E0));
#736=VECTOR('',#735,1.692913385827E-2);
#737=CARTESIAN_POINT('',(4.488188976378E-2,2.342519685039E-2,
-7.874015748031E-3));
#738=LINE('',#737,#736);
#739=DIRECTION('',(0.E0,0.E0,1.E0));
#740=VECTOR('',#739,1.574803149606E-3);
#741=CARTESIAN_POINT('',(4.488188976378E-2,2.342519685039E-2,
-9.448818897638E-3));
#742=LINE('',#741,#740);
#743=DIRECTION('',(-1.E0,0.E0,0.E0));
#744=VECTOR('',#743,1.692913385827E-2);
#745=CARTESIAN_POINT('',(6.181102362205E-2,2.342519685039E-2,
-9.448818897638E-3));
#746=LINE('',#745,#744);
#747=DIRECTION('',(0.E0,1.E0,0.E0));
#748=VECTOR('',#747,7.874015748031E-3);
#749=CARTESIAN_POINT('',(6.181102362205E-2,1.555118110236E-2,
-7.874015748031E-3));
#750=LINE('',#749,#748);
#751=DIRECTION('',(0.E0,0.E0,1.E0));
#752=VECTOR('',#751,1.574803149606E-3);
#753=CARTESIAN_POINT('',(6.181102362205E-2,2.342519685039E-2,
-9.448818897638E-3));
#754=LINE('',#753,#752);
#755=DIRECTION('',(0.E0,1.E0,0.E0));
#756=VECTOR('',#755,7.874015748031E-3);
#757=CARTESIAN_POINT('',(6.181102362205E-2,1.555118110236E-2,
-9.448818897638E-3));
#758=LINE('',#757,#756);
#759=DIRECTION('',(1.E0,0.E0,0.E0));
#760=VECTOR('',#759,1.181102362205E-3);
#761=CARTESIAN_POINT('',(6.181102362205E-2,1.555118110236E-2,
-7.874015748031E-3));
#762=LINE('',#761,#760);
#763=DIRECTION('',(0.E0,0.E0,1.E0));
#764=VECTOR('',#763,1.574803149606E-3);
#765=CARTESIAN_POINT('',(6.181102362205E-2,1.555118110236E-2,
-9.448818897638E-3));
#766=LINE('',#765,#764);
#767=DIRECTION('',(-1.E0,0.E0,0.E0));
#768=VECTOR('',#767,1.181102362205E-3);
#769=CARTESIAN_POINT('',(6.299212598425E-2,1.555118110236E-2,
-9.448818897638E-3));
#770=LINE('',#769,#768);
#771=CARTESIAN_POINT('',(6.496062992126E-2,0.E0,0.E0));
#772=DIRECTION('',(0.E0,0.E0,-1.E0));
#773=DIRECTION('',(-8.373846778277E-2,-9.964877666150E-1,0.E0));
#774=AXIS2_PLACEMENT_3D('',#771,#772,#773);
#776=DIRECTION('',(1.321859288694E-14,0.E0,-1.E0));
#777=VECTOR('',#776,1.574803149606E-3);
#778=CARTESIAN_POINT('',(5.905511811024E-2,-2.275389605056E-2,
1.574803149606E-3));
#779=LINE('',#778,#777);
#780=DIRECTION('',(0.E0,0.E0,1.E0));
#781=VECTOR('',#780,1.574803149606E-3);
#782=CARTESIAN_POINT('',(6.299212598425E-2,-2.342519685039E-2,0.E0));
#783=LINE('',#782,#781);
#784=DIRECTION('',(0.E0,1.E0,0.E0));
#785=VECTOR('',#784,1.852403162041E-3);
#786=CARTESIAN_POINT('',(5.905511811024E-2,-2.460629921260E-2,0.E0));
#787=LINE('',#786,#785);
#788=DIRECTION('',(0.E0,-1.E0,0.E0));
#789=VECTOR('',#788,1.852403162041E-3);
#790=CARTESIAN_POINT('',(5.905511811024E-2,-2.275389605056E-2,
1.574803149606E-3));
#791=LINE('',#790,#789);
#792=DIRECTION('',(0.E0,1.E0,0.E0));
#793=VECTOR('',#792,5.560578552068E-3);
#794=CARTESIAN_POINT('',(5.118110236220E-2,-2.460629921260E-2,0.E0));
#795=LINE('',#794,#793);
#796=DIRECTION('',(0.E0,1.E0,0.E0));
#797=VECTOR('',#796,5.560578552068E-3);
#798=CARTESIAN_POINT('',(5.118110236220E-2,-2.460629921260E-2,
1.574803149606E-3));
#799=LINE('',#798,#797);
#800=DIRECTION('',(0.E0,0.E0,1.E0));
#801=VECTOR('',#800,1.574803149606E-3);
#802=CARTESIAN_POINT('',(5.118110236220E-2,-2.460629921260E-2,0.E0));
#803=LINE('',#802,#801);
#804=CARTESIAN_POINT('',(6.496062992126E-2,0.E0,0.E0));
#805=DIRECTION('',(0.E0,0.E0,-1.E0));
#806=DIRECTION('',(-5.861692744794E-1,-8.101886086932E-1,0.E0));
#807=AXIS2_PLACEMENT_3D('',#804,#805,#806);
#809=DIRECTION('',(0.E0,0.E0,-1.E0));
#810=VECTOR('',#809,1.574803149606E-3);
#811=CARTESIAN_POINT('',(4.724409448819E-2,-1.545118854582E-2,
1.574803149606E-3));
#812=LINE('',#811,#810);
#813=DIRECTION('',(0.E0,0.E0,1.E0));
#814=VECTOR('',#813,1.574803149606E-3);
#815=CARTESIAN_POINT('',(5.118110236220E-2,-1.904572066053E-2,0.E0));
#816=LINE('',#815,#814);
#817=DIRECTION('',(-1.E0,0.E0,0.E0));
#818=VECTOR('',#817,1.968503937008E-2);
#819=CARTESIAN_POINT('',(4.724409448819E-2,-1.545118854582E-2,0.E0));
#820=LINE('',#819,#818);
#821=DIRECTION('',(-1.E0,0.E0,0.E0));
#822=VECTOR('',#821,1.982907624352E-2);
#823=CARTESIAN_POINT('',(4.724409448819E-2,-1.545118854582E-2,
1.574803149606E-3));
#824=LINE('',#823,#822);
#825=DIRECTION('',(0.E0,1.E0,0.E0));
#826=VECTOR('',#825,7.874015748031E-3);
#827=CARTESIAN_POINT('',(-4.527559055118E-2,-2.460629921260E-2,0.E0));
#828=LINE('',#827,#826);
#829=DIRECTION('',(0.E0,1.E0,0.E0));
#830=VECTOR('',#829,7.874015748031E-3);
#831=CARTESIAN_POINT('',(-4.527559055118E-2,-2.460629921260E-2,
7.874015748031E-4));
#832=LINE('',#831,#830);
#833=DIRECTION('',(0.E0,0.E0,1.E0));
#834=VECTOR('',#833,7.874015748031E-4);
#835=CARTESIAN_POINT('',(-4.527559055118E-2,-2.460629921260E-2,0.E0));
#836=LINE('',#835,#834);
#837=DIRECTION('',(1.E0,0.E0,0.E0));
#838=VECTOR('',#837,1.574803149606E-2);
#839=CARTESIAN_POINT('',(-4.527559055118E-2,-1.673228346457E-2,0.E0));
#840=LINE('',#839,#838);
#841=DIRECTION('',(1.E0,0.E0,0.E0));
#842=VECTOR('',#841,1.574803149606E-2);
#843=CARTESIAN_POINT('',(-4.527559055118E-2,-1.673228346457E-2,
7.874015748031E-4));
#844=LINE('',#843,#842);
#845=DIRECTION('',(0.E0,0.E0,1.E0));
#846=VECTOR('',#845,7.874015748031E-4);
#847=CARTESIAN_POINT('',(-4.527559055118E-2,-1.673228346457E-2,0.E0));
#848=LINE('',#847,#846);
#849=DIRECTION('',(0.E0,1.E0,0.E0));
#850=VECTOR('',#849,7.874015748031E-3);
#851=CARTESIAN_POINT('',(-2.952755905512E-2,-2.460629921260E-2,0.E0));
#852=LINE('',#851,#850);
#853=DIRECTION('',(0.E0,-1.E0,0.E0));
#854=VECTOR('',#853,7.874015748031E-3);
#855=CARTESIAN_POINT('',(-2.952755905512E-2,-1.673228346457E-2,
7.874015748031E-4));
#856=LINE('',#855,#854);
#857=DIRECTION('',(0.E0,0.E0,1.E0));
#858=VECTOR('',#857,7.874015748031E-4);
#859=CARTESIAN_POINT('',(-2.952755905512E-2,-1.673228346457E-2,0.E0));
#860=LINE('',#859,#858);
#861=CARTESIAN_POINT('',(-2.952755905512E-2,-2.460629921260E-2,
7.874015748031E-4));
#862=CARTESIAN_POINT('',(-4.527559055118E-2,-2.460629921260E-2,
7.874015748031E-4));
#863=VERTEX_POINT('',#861);
#864=VERTEX_POINT('',#862);
#865=CARTESIAN_POINT('',(-4.527559055118E-2,-1.673228346457E-2,
7.874015748031E-4));
#866=VERTEX_POINT('',#865);
#867=CARTESIAN_POINT('',(-2.952755905512E-2,-1.673228346457E-2,
7.874015748031E-4));
#868=VERTEX_POINT('',#867);
#869=CARTESIAN_POINT('',(-1.574803149606E-2,-2.460629921260E-2,
-8.661417322835E-3));
#870=CARTESIAN_POINT('',(-1.574803149606E-2,2.460629921260E-2,
-8.661417322835E-3));
#871=VERTEX_POINT('',#869);
#872=VERTEX_POINT('',#870);
#873=CARTESIAN_POINT('',(-3.937007874016E-2,-2.460629921260E-2,
-8.661417322835E-3));
#874=VERTEX_POINT('',#873);
#875=CARTESIAN_POINT('',(-3.937007874016E-2,2.460629921260E-2,
-8.661417322835E-3));
#876=VERTEX_POINT('',#875);
#877=CARTESIAN_POINT('',(-2.463902859514E-2,2.421259842520E-2,
3.192562331778E-2));
#878=CARTESIAN_POINT('',(-2.463902859514E-2,-2.421259842520E-2,
3.192562331778E-2));
#879=VERTEX_POINT('',#877);
#880=VERTEX_POINT('',#878);
#881=CARTESIAN_POINT('',(-2.424696431021E-2,-2.421259842520E-2,
3.228346456693E-2));
#882=VERTEX_POINT('',#881);
#883=CARTESIAN_POINT('',(-2.424696431021E-2,-2.460629921260E-2,
3.188976377953E-2));
#884=VERTEX_POINT('',#883);
#885=CARTESIAN_POINT('',(-2.424696431021E-2,2.421259842520E-2,
3.228346456693E-2));
#886=VERTEX_POINT('',#885);
#887=CARTESIAN_POINT('',(2.424696431021E-2,2.460629921260E-2,
3.188976377953E-2));
#888=CARTESIAN_POINT('',(-2.424696431021E-2,2.460629921260E-2,
3.188976377953E-2));
#889=VERTEX_POINT('',#887);
#890=VERTEX_POINT('',#888);
#891=CARTESIAN_POINT('',(2.463902859514E-2,-2.421259842520E-2,
3.192562331778E-2));
#892=CARTESIAN_POINT('',(2.463902859514E-2,2.421259842520E-2,
3.192562331778E-2));
#893=VERTEX_POINT('',#891);
#894=VERTEX_POINT('',#892);
#895=CARTESIAN_POINT('',(2.424696431021E-2,-2.421259842520E-2,
3.228346456693E-2));
#896=VERTEX_POINT('',#895);
#897=CARTESIAN_POINT('',(2.424696431021E-2,2.421259842520E-2,
3.228346456693E-2));
#898=VERTEX_POINT('',#897);
#899=CARTESIAN_POINT('',(2.424696431021E-2,-2.460629921260E-2,
3.188976377953E-2));
#900=VERTEX_POINT('',#899);
#901=CARTESIAN_POINT('',(6.181102362205E-2,2.342519685039E-2,
-9.448818897638E-3));
#902=CARTESIAN_POINT('',(4.488188976378E-2,2.342519685039E-2,
-9.448818897638E-3));
#903=VERTEX_POINT('',#901);
#904=VERTEX_POINT('',#902);
#905=CARTESIAN_POINT('',(6.299212598425E-2,2.342519685039E-2,
1.574803149606E-3));
#906=CARTESIAN_POINT('',(6.299212598425E-2,9.645669291339E-3,
1.574803149606E-3));
#907=VERTEX_POINT('',#905);
#908=VERTEX_POINT('',#906);
#909=CARTESIAN_POINT('',(6.299212598425E-2,-9.645669291339E-3,
1.574803149606E-3));
#910=CARTESIAN_POINT('',(6.299212598425E-2,-2.342519685039E-2,
1.574803149606E-3));
#911=VERTEX_POINT('',#909);
#912=VERTEX_POINT('',#910);
#913=CARTESIAN_POINT('',(4.488188976378E-2,-2.381889763780E-2,
-9.448818897638E-3));
#914=VERTEX_POINT('',#913);
#915=CARTESIAN_POINT('',(6.299212598425E-2,-9.645669291339E-3,
-9.448818897638E-3));
#916=CARTESIAN_POINT('',(6.299212598425E-2,-1.594488188976E-2,
-9.448818897638E-3));
#917=VERTEX_POINT('',#915);
#918=VERTEX_POINT('',#916);
#919=CARTESIAN_POINT('',(5.905511811024E-2,-2.275389605056E-2,
1.574803149606E-3));
#920=VERTEX_POINT('',#919);
#921=CARTESIAN_POINT('',(6.299212598425E-2,1.555118110236E-2,
-9.448818897638E-3));
#922=CARTESIAN_POINT('',(6.181102362205E-2,1.555118110236E-2,
-9.448818897638E-3));
#923=VERTEX_POINT('',#921);
#924=VERTEX_POINT('',#922);
#925=CARTESIAN_POINT('',(5.118110236220E-2,-2.460629921260E-2,
1.574803149606E-3));
#926=CARTESIAN_POINT('',(5.118110236220E-2,-1.904572066053E-2,
1.574803149606E-3));
#927=VERTEX_POINT('',#925);
#928=VERTEX_POINT('',#926);
#929=CARTESIAN_POINT('',(6.181102362205E-2,-2.381889763780E-2,
-9.448818897638E-3));
#930=CARTESIAN_POINT('',(6.181102362205E-2,-1.594488188976E-2,
-9.448818897638E-3));
#931=VERTEX_POINT('',#929);
#932=VERTEX_POINT('',#930);
#933=CARTESIAN_POINT('',(4.724409448819E-2,-1.545118854582E-2,
1.574803149606E-3));
#934=VERTEX_POINT('',#933);
#935=CARTESIAN_POINT('',(5.905511811024E-2,-2.460629921260E-2,
1.574803149606E-3));
#936=VERTEX_POINT('',#935);
#937=CARTESIAN_POINT('',(5.118110236220E-2,2.460629921260E-2,
1.574803149606E-3));
#938=CARTESIAN_POINT('',(5.905511811024E-2,2.460629921260E-2,
1.574803149606E-3));
#939=VERTEX_POINT('',#937);
#940=VERTEX_POINT('',#938);
#941=CARTESIAN_POINT('',(6.299212598425E-2,9.645669291339E-3,
-9.448818897638E-3));
#942=VERTEX_POINT('',#941);
#943=CARTESIAN_POINT('',(5.118110236220E-2,1.904572066053E-2,
1.574803149606E-3));
#944=VERTEX_POINT('',#943);
#945=CARTESIAN_POINT('',(5.905511811024E-2,2.275389605056E-2,
1.574803149606E-3));
#946=VERTEX_POINT('',#945);
#947=CARTESIAN_POINT('',(-4.527559055118E-2,1.673228346457E-2,
7.874015748031E-4));
#948=CARTESIAN_POINT('',(-4.527559055118E-2,2.460629921260E-2,
7.874015748031E-4));
#949=VERTEX_POINT('',#947);
#950=VERTEX_POINT('',#948);
#951=CARTESIAN_POINT('',(-2.952755905512E-2,1.673228346457E-2,
7.874015748031E-4));
#952=VERTEX_POINT('',#951);
#953=CARTESIAN_POINT('',(-2.952755905512E-2,2.460629921260E-2,
7.874015748031E-4));
#954=VERTEX_POINT('',#953);
#955=CARTESIAN_POINT('',(-6.299212598425E-2,2.460629921260E-2,0.E0));
#956=CARTESIAN_POINT('',(-6.299212598425E-2,2.460629921260E-2,
-7.874015748031E-3));
#957=VERTEX_POINT('',#955);
#958=VERTEX_POINT('',#956);
#959=CARTESIAN_POINT('',(6.299212598425E-2,-2.460629921260E-2,0.E0));
#960=CARTESIAN_POINT('',(6.299212598425E-2,-2.460629921260E-2,
-7.874015748031E-3));
#961=VERTEX_POINT('',#959);
#962=VERTEX_POINT('',#960);
#963=CARTESIAN_POINT('',(-6.299212598425E-2,-2.460629921260E-2,0.E0));
#964=CARTESIAN_POINT('',(-6.299212598425E-2,-2.460629921260E-2,
-7.874015748031E-3));
#965=VERTEX_POINT('',#963);
#966=VERTEX_POINT('',#964);
#967=CARTESIAN_POINT('',(6.299212598425E-2,2.460629921260E-2,0.E0));
#968=CARTESIAN_POINT('',(6.299212598425E-2,2.460629921260E-2,
-7.874015748031E-3));
#969=VERTEX_POINT('',#967);
#970=VERTEX_POINT('',#968);
#971=CARTESIAN_POINT('',(-6.181102362205E-2,1.555118110236E-2,
-9.448818897638E-3));
#972=CARTESIAN_POINT('',(-6.299212598425E-2,1.555118110236E-2,
-9.448818897638E-3));
#973=VERTEX_POINT('',#971);
#974=VERTEX_POINT('',#972);
#975=CARTESIAN_POINT('',(-6.299212598425E-2,9.645669291339E-3,
-9.448818897638E-3));
#976=VERTEX_POINT('',#975);
#977=CARTESIAN_POINT('',(-6.299212598425E-2,-2.342519685039E-2,
1.574803149606E-3));
#978=CARTESIAN_POINT('',(-6.299212598425E-2,-9.645669291339E-3,
1.574803149606E-3));
#979=VERTEX_POINT('',#977);
#980=VERTEX_POINT('',#978);
#981=CARTESIAN_POINT('',(-6.299212598425E-2,-9.645669291339E-3,
-9.448818897638E-3));
#982=VERTEX_POINT('',#981);
#983=CARTESIAN_POINT('',(-4.488188976378E-2,2.342519685039E-2,
-9.448818897638E-3));
#984=CARTESIAN_POINT('',(-6.181102362205E-2,2.342519685039E-2,
-9.448818897638E-3));
#985=VERTEX_POINT('',#983);
#986=VERTEX_POINT('',#984);
#987=CARTESIAN_POINT('',(-4.145286832578E-2,0.E0,1.574803149606E-3));
#988=VERTEX_POINT('',#987);
#989=CARTESIAN_POINT('',(-4.318573730862E-2,8.858267716535E-3,
1.574803149606E-3));
#990=VERTEX_POINT('',#989);
#991=CARTESIAN_POINT('',(-4.488188976378E-2,-2.381889763780E-2,
-9.448818897638E-3));
#992=VERTEX_POINT('',#991);
#993=CARTESIAN_POINT('',(-4.763779527559E-2,1.589132640998E-2,
1.574803149606E-3));
#994=CARTESIAN_POINT('',(-6.299212598425E-2,2.342519685039E-2,
1.574803149606E-3));
#995=VERTEX_POINT('',#993);
#996=VERTEX_POINT('',#994);
#997=CARTESIAN_POINT('',(-6.181102362205E-2,-2.381889763780E-2,
-9.448818897638E-3));
#998=VERTEX_POINT('',#997);
#999=CARTESIAN_POINT('',(-6.299212598425E-2,-1.594488188976E-2,
-9.448818897638E-3));
#1000=VERTEX_POINT('',#999);
#1001=CARTESIAN_POINT('',(-6.181102362205E-2,-1.594488188976E-2,
-9.448818897638E-3));
#1002=VERTEX_POINT('',#1001);
#1003=CARTESIAN_POINT('',(-6.299212598425E-2,9.645669291339E-3,
1.574803149606E-3));
#1004=CARTESIAN_POINT('',(-5.511614192909E-2,0.E0,1.574803149606E-3));
#1005=VERTEX_POINT('',#1003);
#1006=VERTEX_POINT('',#1004);
#1007=CARTESIAN_POINT('',(-5.511614192909E-2,0.E0,-9.448818897638E-3));
#1008=VERTEX_POINT('',#1007);
#1009=CARTESIAN_POINT('',(2.741501824467E-2,-1.545118854582E-2,
1.574803149606E-3));
#1010=CARTESIAN_POINT('',(2.741501824467E-2,-8.858267716535E-3,
1.574803149606E-3));
#1011=VERTEX_POINT('',#1009);
#1012=VERTEX_POINT('',#1010);
#1013=CARTESIAN_POINT('',(4.318573730862E-2,-8.858267716535E-3,
1.574803149606E-3));
#1014=VERTEX_POINT('',#1013);
#1015=CARTESIAN_POINT('',(-4.527559055118E-2,-1.673228346457E-2,0.E0));
#1016=CARTESIAN_POINT('',(-2.952755905512E-2,-1.673228346457E-2,0.E0));
#1017=VERTEX_POINT('',#1015);
#1018=VERTEX_POINT('',#1016);
#1019=CARTESIAN_POINT('',(-2.952755905512E-2,-2.460629921260E-2,0.E0));
#1020=VERTEX_POINT('',#1019);
#1021=CARTESIAN_POINT('',(-4.527559055118E-2,-2.460629921260E-2,0.E0));
#1022=VERTEX_POINT('',#1021);
#1023=CARTESIAN_POINT('',(-1.574803149606E-2,2.460629921260E-2,
-7.874015748031E-3));
#1024=CARTESIAN_POINT('',(-1.574803149606E-2,-2.460629921260E-2,
-7.874015748031E-3));
#1025=VERTEX_POINT('',#1023);
#1026=VERTEX_POINT('',#1024);
#1027=CARTESIAN_POINT('',(-3.937007874016E-2,-2.460629921260E-2,
-7.874015748031E-3));
#1028=CARTESIAN_POINT('',(-3.937007874016E-2,2.460629921260E-2,
-7.874015748031E-3));
#1029=VERTEX_POINT('',#1027);
#1030=VERTEX_POINT('',#1028);
#1031=CARTESIAN_POINT('',(2.755905511811E-2,-2.460629921260E-2,0.E0));
#1032=CARTESIAN_POINT('',(2.755905511811E-2,-1.545118854582E-2,0.E0));
#1033=VERTEX_POINT('',#1031);
#1034=VERTEX_POINT('',#1032);
#1035=CARTESIAN_POINT('',(2.755905511811E-2,-8.858267716535E-3,0.E0));
#1036=CARTESIAN_POINT('',(2.755905511811E-2,2.460629921260E-2,0.E0));
#1037=VERTEX_POINT('',#1035);
#1038=VERTEX_POINT('',#1036);
#1039=CARTESIAN_POINT('',(4.488188976378E-2,2.342519685039E-2,
-7.874015748031E-3));
#1040=CARTESIAN_POINT('',(6.181102362205E-2,2.342519685039E-2,
-7.874015748031E-3));
#1041=VERTEX_POINT('',#1039);
#1042=VERTEX_POINT('',#1040);
#1043=CARTESIAN_POINT('',(6.181102362205E-2,1.555118110236E-2,
-7.874015748031E-3));
#1044=CARTESIAN_POINT('',(6.299212598425E-2,1.555118110236E-2,
-7.874015748031E-3));
#1045=VERTEX_POINT('',#1043);
#1046=VERTEX_POINT('',#1044);
#1047=CARTESIAN_POINT('',(6.299212598425E-2,-2.342519685039E-2,0.E0));
#1048=CARTESIAN_POINT('',(5.905511811024E-2,-2.275389605056E-2,0.E0));
#1049=VERTEX_POINT('',#1047);
#1050=VERTEX_POINT('',#1048);
#1051=CARTESIAN_POINT('',(5.905511811024E-2,-2.460629921260E-2,0.E0));
#1052=VERTEX_POINT('',#1051);
#1053=CARTESIAN_POINT('',(6.181102362205E-2,-1.594488188976E-2,
-7.874015748031E-3));
#1054=CARTESIAN_POINT('',(6.299212598425E-2,-1.594488188976E-2,
-7.874015748031E-3));
#1055=VERTEX_POINT('',#1053);
#1056=VERTEX_POINT('',#1054);
#1057=CARTESIAN_POINT('',(4.724409448819E-2,-1.545118854582E-2,0.E0));
#1058=VERTEX_POINT('',#1057);
#1059=CARTESIAN_POINT('',(5.905511811024E-2,2.275389605056E-2,0.E0));
#1060=CARTESIAN_POINT('',(6.299212598425E-2,2.342519685039E-2,0.E0));
#1061=VERTEX_POINT('',#1059);
#1062=VERTEX_POINT('',#1060);
#1063=CARTESIAN_POINT('',(5.905511811024E-2,2.460629921260E-2,0.E0));
#1064=VERTEX_POINT('',#1063);
#1065=CARTESIAN_POINT('',(4.318573730862E-2,-8.858267716535E-3,0.E0));
#1066=CARTESIAN_POINT('',(5.118110236220E-2,1.904572066053E-2,0.E0));
#1067=VERTEX_POINT('',#1065);
#1068=VERTEX_POINT('',#1066);
#1069=CARTESIAN_POINT('',(5.118110236220E-2,-2.460629921260E-2,0.E0));
#1070=CARTESIAN_POINT('',(5.118110236220E-2,-1.904572066053E-2,0.E0));
#1071=VERTEX_POINT('',#1069);
#1072=VERTEX_POINT('',#1070);
#1073=CARTESIAN_POINT('',(4.488188976378E-2,-2.381889763780E-2,
-7.874015748031E-3));
#1074=VERTEX_POINT('',#1073);
#1075=CARTESIAN_POINT('',(6.181102362205E-2,-2.381889763780E-2,
-7.874015748031E-3));
#1076=VERTEX_POINT('',#1075);
#1077=CARTESIAN_POINT('',(5.118110236220E-2,2.460629921260E-2,0.E0));
#1078=VERTEX_POINT('',#1077);
#1079=CARTESIAN_POINT('',(-4.527559055118E-2,1.673228346457E-2,0.E0));
#1080=CARTESIAN_POINT('',(-2.952755905512E-2,1.673228346457E-2,0.E0));
#1081=VERTEX_POINT('',#1079);
#1082=VERTEX_POINT('',#1080);
#1083=CARTESIAN_POINT('',(-4.527559055118E-2,2.460629921260E-2,0.E0));
#1084=VERTEX_POINT('',#1083);
#1085=CARTESIAN_POINT('',(-2.952755905512E-2,2.460629921260E-2,0.E0));
#1086=VERTEX_POINT('',#1085);
#1087=VERTEX_POINT('',#328);
#1088=VERTEX_POINT('',#326);
#1089=CARTESIAN_POINT('',(-2.741501824467E-2,8.858267716535E-3,
1.574803149606E-3));
#1090=CARTESIAN_POINT('',(-2.741501824467E-2,1.589132640998E-2,
1.574803149606E-3));
#1091=VERTEX_POINT('',#1089);
#1092=VERTEX_POINT('',#1090);
#1093=CARTESIAN_POINT('',(-2.755905511811E-2,1.589132640998E-2,0.E0));
#1094=VERTEX_POINT('',#1093);
#1095=CARTESIAN_POINT('',(-2.755905511811E-2,8.858267716535E-3,0.E0));
#1096=VERTEX_POINT('',#1095);
#1097=CARTESIAN_POINT('',(-6.181102362205E-2,-2.381889763780E-2,
-7.874015748031E-3));
#1098=CARTESIAN_POINT('',(-6.181102362205E-2,-1.594488188976E-2,
-7.874015748031E-3));
#1099=VERTEX_POINT('',#1097);
#1100=VERTEX_POINT('',#1098);
#1101=CARTESIAN_POINT('',(-6.299212598425E-2,1.555118110236E-2,
-7.874015748031E-3));
#1102=CARTESIAN_POINT('',(-6.181102362205E-2,1.555118110236E-2,
-7.874015748031E-3));
#1103=VERTEX_POINT('',#1101);
#1104=VERTEX_POINT('',#1102);
#1105=CARTESIAN_POINT('',(-6.299212598425E-2,-1.594488188976E-2,
-7.874015748031E-3));
#1106=VERTEX_POINT('',#1105);
#1107=CARTESIAN_POINT('',(-4.488188976378E-2,-2.381889763780E-2,
-7.874015748031E-3));
#1108=CARTESIAN_POINT('',(-4.488188976378E-2,2.342519685039E-2,
-7.874015748031E-3));
#1109=VERTEX_POINT('',#1107);
#1110=VERTEX_POINT('',#1108);
#1111=CARTESIAN_POINT('',(-6.181102362205E-2,2.342519685039E-2,
-7.874015748031E-3));
#1112=VERTEX_POINT('',#1111);
#1113=CARTESIAN_POINT('',(-6.299212598425E-2,-2.342519685039E-2,0.E0));
#1114=CARTESIAN_POINT('',(-4.318573730862E-2,8.858267716535E-3,0.E0));
#1115=VERTEX_POINT('',#1113);
#1116=VERTEX_POINT('',#1114);
#1117=CARTESIAN_POINT('',(-4.763779527559E-2,1.589132640998E-2,0.E0));
#1118=VERTEX_POINT('',#1117);
#1119=CARTESIAN_POINT('',(-6.299212598425E-2,2.342519685039E-2,0.E0));
#1120=VERTEX_POINT('',#1119);
#1121=CARTESIAN_POINT('',(-6.496062992126E-2,0.E0,1.574803149606E-3));
#1122=DIRECTION('',(0.E0,0.E0,-1.E0));
#1123=DIRECTION('',(-1.E0,0.E0,0.E0));
#1124=AXIS2_PLACEMENT_3D('',#1121,#1122,#1123);
#1125=CYLINDRICAL_SURFACE('',#1124,2.350776159548E-2);
#1127=ORIENTED_EDGE('',*,*,#1126,.F.);
#1129=ORIENTED_EDGE('',*,*,#1128,.F.);
#1131=ORIENTED_EDGE('',*,*,#1130,.T.);
#1133=ORIENTED_EDGE('',*,*,#1132,.T.);
#1135=ORIENTED_EDGE('',*,*,#1134,.F.);
#1136=EDGE_LOOP('',(#1127,#1129,#1131,#1133,#1135));
#1137=FACE_OUTER_BOUND('',#1136,.F.);
#1138=ADVANCED_FACE('',(#1137),#1125,.T.);
#1139=CARTESIAN_POINT('',(0.E0,0.E0,0.E0));
#1140=DIRECTION('',(0.E0,0.E0,1.E0));
#1141=DIRECTION('',(1.E0,0.E0,0.E0));
#1142=AXIS2_PLACEMENT_3D('',#1139,#1140,#1141);
#1143=PLANE('',#1142);
#1145=ORIENTED_EDGE('',*,*,#1144,.T.);
#1147=ORIENTED_EDGE('',*,*,#1146,.F.);
#1149=ORIENTED_EDGE('',*,*,#1148,.F.);
#1151=ORIENTED_EDGE('',*,*,#1150,.F.);
#1153=ORIENTED_EDGE('',*,*,#1152,.T.);
#1154=EDGE_LOOP('',(#1145,#1147,#1149,#1151,#1153));
#1155=FACE_OUTER_BOUND('',#1154,.F.);
#1156=ADVANCED_FACE('',(#1155),#1143,.T.);
#1157=CARTESIAN_POINT('',(0.E0,0.E0,0.E0));
#1158=DIRECTION('',(0.E0,0.E0,1.E0));
#1159=DIRECTION('',(1.E0,0.E0,0.E0));
#1160=AXIS2_PLACEMENT_3D('',#1157,#1158,#1159);
#1161=PLANE('',#1160);
#1163=ORIENTED_EDGE('',*,*,#1162,.T.);
#1165=ORIENTED_EDGE('',*,*,#1164,.T.);
#1167=ORIENTED_EDGE('',*,*,#1166,.F.);
#1169=ORIENTED_EDGE('',*,*,#1168,.F.);
#1171=ORIENTED_EDGE('',*,*,#1170,.F.);
#1172=EDGE_LOOP('',(#1163,#1165,#1167,#1169,#1171));
#1173=FACE_OUTER_BOUND('',#1172,.F.);
#1174=ADVANCED_FACE('',(#1173),#1161,.T.);
#1175=CARTESIAN_POINT('',(0.E0,0.E0,0.E0));
#1176=DIRECTION('',(0.E0,0.E0,1.E0));
#1177=DIRECTION('',(1.E0,0.E0,0.E0));
#1178=AXIS2_PLACEMENT_3D('',#1175,#1176,#1177);
#1179=PLANE('',#1178);
#1181=ORIENTED_EDGE('',*,*,#1180,.F.);
#1183=ORIENTED_EDGE('',*,*,#1182,.T.);
#1185=ORIENTED_EDGE('',*,*,#1184,.T.);
#1187=ORIENTED_EDGE('',*,*,#1186,.T.);
#1188=EDGE_LOOP('',(#1181,#1183,#1185,#1187));
#1189=FACE_OUTER_BOUND('',#1188,.F.);
#1190=ADVANCED_FACE('',(#1189),#1179,.T.);
#1191=CARTESIAN_POINT('',(0.E0,0.E0,0.E0));
#1192=DIRECTION('',(0.E0,0.E0,1.E0));
#1193=DIRECTION('',(1.E0,0.E0,0.E0));
#1194=AXIS2_PLACEMENT_3D('',#1191,#1192,#1193);
#1195=PLANE('',#1194);
#1197=ORIENTED_EDGE('',*,*,#1196,.F.);
#1199=ORIENTED_EDGE('',*,*,#1198,.T.);
#1201=ORIENTED_EDGE('',*,*,#1200,.T.);
#1203=ORIENTED_EDGE('',*,*,#1202,.T.);
#1204=EDGE_LOOP('',(#1197,#1199,#1201,#1203));
#1205=FACE_OUTER_BOUND('',#1204,.F.);
#1206=ADVANCED_FACE('',(#1205),#1195,.T.);
#1207=CARTESIAN_POINT('',(0.E0,0.E0,0.E0));
#1208=DIRECTION('',(0.E0,0.E0,1.E0));
#1209=DIRECTION('',(1.E0,0.E0,0.E0));
#1210=AXIS2_PLACEMENT_3D('',#1207,#1208,#1209);
#1211=PLANE('',#1210);
#1212=ORIENTED_EDGE('',*,*,#1126,.T.);
#1214=ORIENTED_EDGE('',*,*,#1213,.F.);
#1216=ORIENTED_EDGE('',*,*,#1215,.F.);
#1218=ORIENTED_EDGE('',*,*,#1217,.T.);
#1220=ORIENTED_EDGE('',*,*,#1219,.T.);
#1222=ORIENTED_EDGE('',*,*,#1221,.F.);
#1224=ORIENTED_EDGE('',*,*,#1223,.F.);
#1226=ORIENTED_EDGE('',*,*,#1225,.T.);
#1228=ORIENTED_EDGE('',*,*,#1227,.T.);
#1229=EDGE_LOOP('',(#1212,#1214,#1216,#1218,#1220,#1222,#1224,#1226,#1228));
#1230=FACE_OUTER_BOUND('',#1229,.F.);
#1231=ADVANCED_FACE('',(#1230),#1211,.T.);
#1232=CARTESIAN_POINT('',(0.E0,0.E0,0.E0));
#1233=DIRECTION('',(0.E0,0.E0,1.E0));
#1234=DIRECTION('',(1.E0,0.E0,0.E0));
#1235=AXIS2_PLACEMENT_3D('',#1232,#1233,#1234);
#1236=PLANE('',#1235);
#1238=ORIENTED_EDGE('',*,*,#1237,.F.);
#1240=ORIENTED_EDGE('',*,*,#1239,.F.);
#1242=ORIENTED_EDGE('',*,*,#1241,.T.);
#1244=ORIENTED_EDGE('',*,*,#1243,.T.);
#1246=ORIENTED_EDGE('',*,*,#1245,.F.);
#1248=ORIENTED_EDGE('',*,*,#1247,.T.);
#1250=ORIENTED_EDGE('',*,*,#1249,.T.);
#1252=ORIENTED_EDGE('',*,*,#1251,.T.);
#1254=ORIENTED_EDGE('',*,*,#1253,.F.);
#1255=EDGE_LOOP('',(#1238,#1240,#1242,#1244,#1246,#1248,#1250,#1252,#1254));
#1256=FACE_OUTER_BOUND('',#1255,.F.);
#1257=ADVANCED_FACE('',(#1256),#1236,.T.);
#1258=CARTESIAN_POINT('',(2.733042094527E-2,0.E0,2.499733623043E-3));
#1259=DIRECTION('',(9.958432837191E-1,0.E0,9.108322716943E-2));
#1260=DIRECTION('',(9.108322716943E-2,0.E0,-9.958432837191E-1));
#1261=AXIS2_PLACEMENT_3D('',#1258,#1259,#1260);
#1262=PLANE('',#1261);
#1263=ORIENTED_EDGE('',*,*,#1144,.F.);
#1265=ORIENTED_EDGE('',*,*,#1264,.F.);
#1267=ORIENTED_EDGE('',*,*,#1266,.T.);
#1269=ORIENTED_EDGE('',*,*,#1268,.F.);
#1270=ORIENTED_EDGE('',*,*,#1162,.F.);
#1272=ORIENTED_EDGE('',*,*,#1271,.T.);
#1274=ORIENTED_EDGE('',*,*,#1273,.F.);
#1276=ORIENTED_EDGE('',*,*,#1275,.T.);
#1277=EDGE_LOOP('',(#1263,#1265,#1267,#1269,#1270,#1272,#1274,#1276));
#1278=FACE_OUTER_BOUND('',#1277,.F.);
#1279=ADVANCED_FACE('',(#1278),#1262,.T.);
#1280=CARTESIAN_POINT('',(2.456321418175E-2,-2.411793204405E-2,
3.256254305094E-2));
#1281=CARTESIAN_POINT('',(2.555566418707E-2,-2.410786364559E-2,
2.170779828639E-2));
#1282=CARTESIAN_POINT('',(2.655735965259E-2,-2.435708142910E-2,
1.085389914319E-2));
#1283=CARTESIAN_POINT('',(2.755905511811E-2,-2.460629921260E-2,0.E0));
#1284=CARTESIAN_POINT('',(2.460581885138E-2,-2.421704722333E-2,
3.256643981951E-2));
#1285=CARTESIAN_POINT('',(2.559914721384E-2,-2.420902222825E-2,
2.171177539250E-2));
#1286=CARTESIAN_POINT('',(2.657910116598E-2,-2.440766072042E-2,
1.085588769625E-2));
#1287=CARTESIAN_POINT('',(2.755905511811E-2,-2.460629921260E-2,0.E0));
#1288=CARTESIAN_POINT('',(2.453084064029E-2,-2.456466188096E-2,
3.255958205630E-2));
#1289=CARTESIAN_POINT('',(2.552262321804E-2,-2.456380346689E-2,
2.170477624654E-2));
#1290=CARTESIAN_POINT('',(2.654083916807E-2,-2.458505133975E-2,
1.085238812327E-2));
#1291=CARTESIAN_POINT('',(2.755905511811E-2,-2.460629921260E-2,0.E0));
#1292=CARTESIAN_POINT('',(2.417920328999E-2,-2.463446260567E-2,
3.252742010353E-2));
#1293=CARTESIAN_POINT('',(2.516373635307E-2,-2.463504323493E-2,
2.167195122840E-2));
#1294=CARTESIAN_POINT('',(2.636139573559E-2,-2.462067122376E-2,
1.083597561420E-2));
#1295=CARTESIAN_POINT('',(2.755905511811E-2,-2.460629921260E-2,0.E0));
#1296=CARTESIAN_POINT('',(2.408270601860E-2,-2.458324775092E-2,
3.251859413358E-2));
#1297=CARTESIAN_POINT('',(2.506524965028E-2,-2.458277251156E-2,
2.166294329827E-2));
#1298=CARTESIAN_POINT('',(2.631215238419E-2,-2.459453586208E-2,
1.083147164913E-2));
#1299=CARTESIAN_POINT('',(2.755905511811E-2,-2.460629921260E-2,0.E0));
#1300=B_SPLINE_SURFACE_WITH_KNOTS('',3,3,((#1280,#1281,#1282,#1283),(#1284,
#1285,#1286,#1287),(#1288,#1289,#1290,#1291),(#1292,#1293,#1294,#1295),(#1296,
#1297,#1298,#1299)),.UNSPECIFIED.,.F.,.F.,.F.,(4,1,4),(4,4),(-1.892523944128E-1,
5.E-1,1.217045121410E0),(-7.158806042758E-6,8.234227346874E-4),.UNSPECIFIED.);
#1301=ORIENTED_EDGE('',*,*,#1264,.T.);
#1303=ORIENTED_EDGE('',*,*,#1302,.T.);
#1305=ORIENTED_EDGE('',*,*,#1304,.F.);
#1306=EDGE_LOOP('',(#1301,#1303,#1305));
#1307=FACE_OUTER_BOUND('',#1306,.F.);
#1308=ADVANCED_FACE('',(#1307),#1300,.T.);
#1309=CARTESIAN_POINT('',(-4.527559055118E-2,-2.460629921260E-2,
7.874015748031E-4));
#1310=DIRECTION('',(0.E0,1.E0,0.E0));
#1311=DIRECTION('',(-1.E0,0.E0,0.E0));
#1312=AXIS2_PLACEMENT_3D('',#1309,#1310,#1311);
#1313=PLANE('',#1312);
#1315=ORIENTED_EDGE('',*,*,#1314,.T.);
#1317=ORIENTED_EDGE('',*,*,#1316,.T.);
#1319=ORIENTED_EDGE('',*,*,#1318,.F.);
#1321=ORIENTED_EDGE('',*,*,#1320,.F.);
#1323=ORIENTED_EDGE('',*,*,#1322,.T.);
#1325=ORIENTED_EDGE('',*,*,#1324,.F.);
#1326=ORIENTED_EDGE('',*,*,#1225,.F.);
#1328=ORIENTED_EDGE('',*,*,#1327,.T.);
#1330=ORIENTED_EDGE('',*,*,#1329,.F.);
#1332=ORIENTED_EDGE('',*,*,#1331,.F.);
#1333=ORIENTED_EDGE('',*,*,#1217,.F.);
#1335=ORIENTED_EDGE('',*,*,#1334,.F.);
#1337=ORIENTED_EDGE('',*,*,#1336,.T.);
#1338=ORIENTED_EDGE('',*,*,#1302,.F.);
#1339=ORIENTED_EDGE('',*,*,#1152,.F.);
#1341=ORIENTED_EDGE('',*,*,#1340,.T.);
#1343=ORIENTED_EDGE('',*,*,#1342,.F.);
#1345=ORIENTED_EDGE('',*,*,#1344,.F.);
#1346=ORIENTED_EDGE('',*,*,#1184,.F.);
#1348=ORIENTED_EDGE('',*,*,#1347,.T.);
#1349=EDGE_LOOP('',(#1315,#1317,#1319,#1321,#1323,#1325,#1326,#1328,#1330,#1332,
#1333,#1335,#1337,#1338,#1339,#1341,#1343,#1345,#1346,#1348));
#1350=FACE_OUTER_BOUND('',#1349,.F.);
#1351=ADVANCED_FACE('',(#1350),#1313,.F.);
#1352=CARTESIAN_POINT('',(0.E0,0.E0,-7.874015748031E-3));
#1353=DIRECTION('',(0.E0,0.E0,1.E0));
#1354=DIRECTION('',(1.E0,0.E0,0.E0));
#1355=AXIS2_PLACEMENT_3D('',#1352,#1353,#1354);
#1356=PLANE('',#1355);
#1358=ORIENTED_EDGE('',*,*,#1357,.T.);
#1359=ORIENTED_EDGE('',*,*,#1314,.F.);
#1361=ORIENTED_EDGE('',*,*,#1360,.F.);
#1363=ORIENTED_EDGE('',*,*,#1362,.F.);
#1365=ORIENTED_EDGE('',*,*,#1364,.F.);
#1367=ORIENTED_EDGE('',*,*,#1366,.F.);
#1369=ORIENTED_EDGE('',*,*,#1368,.T.);
#1371=ORIENTED_EDGE('',*,*,#1370,.T.);
#1373=ORIENTED_EDGE('',*,*,#1372,.F.);
#1375=ORIENTED_EDGE('',*,*,#1374,.T.);
#1377=ORIENTED_EDGE('',*,*,#1376,.F.);
#1379=ORIENTED_EDGE('',*,*,#1378,.F.);
#1380=EDGE_LOOP('',(#1358,#1359,#1361,#1363,#1365,#1367,#1369,#1371,#1373,#1375,
#1377,#1379));
#1381=FACE_OUTER_BOUND('',#1380,.F.);
#1382=ADVANCED_FACE('',(#1381),#1356,.F.);
#1383=CARTESIAN_POINT('',(0.E0,0.E0,-7.874015748031E-3));
#1384=DIRECTION('',(0.E0,0.E0,1.E0));
#1385=DIRECTION('',(1.E0,0.E0,0.E0));
#1386=AXIS2_PLACEMENT_3D('',#1383,#1384,#1385);
#1387=PLANE('',#1386);
#1389=ORIENTED_EDGE('',*,*,#1388,.T.);
#1391=ORIENTED_EDGE('',*,*,#1390,.F.);
#1393=ORIENTED_EDGE('',*,*,#1392,.F.);
#1394=ORIENTED_EDGE('',*,*,#1322,.F.);
#1396=ORIENTED_EDGE('',*,*,#1395,.T.);
#1398=ORIENTED_EDGE('',*,*,#1397,.F.);
#1400=ORIENTED_EDGE('',*,*,#1399,.F.);
#1402=ORIENTED_EDGE('',*,*,#1401,.T.);
#1404=ORIENTED_EDGE('',*,*,#1403,.T.);
#1406=ORIENTED_EDGE('',*,*,#1405,.T.);
#1408=ORIENTED_EDGE('',*,*,#1407,.F.);
#1410=ORIENTED_EDGE('',*,*,#1409,.F.);
#1411=EDGE_LOOP('',(#1389,#1391,#1393,#1394,#1396,#1398,#1400,#1402,#1404,#1406,
#1408,#1410));
#1412=FACE_OUTER_BOUND('',#1411,.F.);
#1413=ADVANCED_FACE('',(#1412),#1387,.F.);
#1414=CARTESIAN_POINT('',(-1.574803149606E-2,-2.460629921260E-2,
-8.661417322835E-3));
#1415=DIRECTION('',(-1.E0,0.E0,0.E0));
#1416=DIRECTION('',(0.E0,-1.E0,0.E0));
#1417=AXIS2_PLACEMENT_3D('',#1414,#1415,#1416);
#1418=PLANE('',#1417);
#1419=ORIENTED_EDGE('',*,*,#1357,.F.);
#1421=ORIENTED_EDGE('',*,*,#1420,.T.);
#1423=ORIENTED_EDGE('',*,*,#1422,.F.);
#1424=ORIENTED_EDGE('',*,*,#1316,.F.);
#1425=EDGE_LOOP('',(#1419,#1421,#1423,#1424));
#1426=FACE_OUTER_BOUND('',#1425,.F.);
#1427=ADVANCED_FACE('',(#1426),#1418,.F.);
#1428=CARTESIAN_POINT('',(-3.937007874016E-2,2.460629921260E-2,
-8.661417322835E-3));
#1429=DIRECTION('',(0.E0,-1.E0,0.E0));
#1430=DIRECTION('',(0.E0,0.E0,-1.E0));
#1431=AXIS2_PLACEMENT_3D('',#1428,#1429,#1430);
#1432=PLANE('',#1431);
#1433=ORIENTED_EDGE('',*,*,#1164,.F.);
#1435=ORIENTED_EDGE('',*,*,#1434,.F.);
#1437=ORIENTED_EDGE('',*,*,#1436,.T.);
#1439=ORIENTED_EDGE('',*,*,#1438,.F.);
#1440=ORIENTED_EDGE('',*,*,#1251,.F.);
#1442=ORIENTED_EDGE('',*,*,#1441,.T.);
#1444=ORIENTED_EDGE('',*,*,#1443,.F.);
#1446=ORIENTED_EDGE('',*,*,#1445,.F.);
#1447=ORIENTED_EDGE('',*,*,#1243,.F.);
#1449=ORIENTED_EDGE('',*,*,#1448,.T.);
#1450=ORIENTED_EDGE('',*,*,#1397,.T.);
#1452=ORIENTED_EDGE('',*,*,#1451,.T.);
#1454=ORIENTED_EDGE('',*,*,#1453,.F.);
#1455=ORIENTED_EDGE('',*,*,#1420,.F.);
#1456=ORIENTED_EDGE('',*,*,#1378,.T.);
#1458=ORIENTED_EDGE('',*,*,#1457,.F.);
#1459=ORIENTED_EDGE('',*,*,#1200,.F.);
#1461=ORIENTED_EDGE('',*,*,#1460,.T.);
#1463=ORIENTED_EDGE('',*,*,#1462,.F.);
#1465=ORIENTED_EDGE('',*,*,#1464,.F.);
#1466=EDGE_LOOP('',(#1433,#1435,#1437,#1439,#1440,#1442,#1444,#1446,#1447,#1449,
#1450,#1452,#1454,#1455,#1456,#1458,#1459,#1461,#1463,#1465));
#1467=FACE_OUTER_BOUND('',#1466,.F.);
#1468=ADVANCED_FACE('',(#1467),#1432,.F.);
#1469=CARTESIAN_POINT('',(2.407372496655E-2,2.457807849144E-2,
3.251777269590E-2));
#1470=CARTESIAN_POINT('',(2.505608344080E-2,2.457749668028E-2,
2.166210492545E-2));
#1471=CARTESIAN_POINT('',(2.630756927945E-2,2.459189794644E-2,
1.083105246272E-2));
#1472=CARTESIAN_POINT('',(2.755905511811E-2,2.460629921260E-2,0.E0));
#1473=CARTESIAN_POINT('',(2.416768579755E-2,2.463666074286E-2,
3.252636667434E-2));
#1474=CARTESIAN_POINT('',(2.515198141079E-2,2.463728668990E-2,
2.167087608124E-2));
#1475=CARTESIAN_POINT('',(2.635551826445E-2,2.462179295125E-2,
1.083543804062E-2));
#1476=CARTESIAN_POINT('',(2.755905511811E-2,2.460629921260E-2,0.E0));
#1477=CARTESIAN_POINT('',(2.452382513498E-2,2.457138082689E-2,
3.255894039423E-2));
#1478=CARTESIAN_POINT('',(2.551546307790E-2,2.457066093365E-2,
2.170412135567E-2));
#1479=CARTESIAN_POINT('',(2.653725909800E-2,2.458848007313E-2,
1.085206067784E-2));
#1480=CARTESIAN_POINT('',(2.755905511811E-2,2.460629921260E-2,0.E0));
#1481=CARTESIAN_POINT('',(2.460330537247E-2,2.422828701744E-2,
3.256620992814E-2));
#1482=CARTESIAN_POINT('',(2.559658191592E-2,2.422049374703E-2,
2.171154076159E-2));
#1483=CARTESIAN_POINT('',(2.657781851701E-2,2.441339647982E-2,
1.085577038079E-2));
#1484=CARTESIAN_POINT('',(2.755905511811E-2,2.460629921260E-2,0.E0));
#1485=CARTESIAN_POINT('',(2.456719589002E-2,2.412803507406E-2,
3.256290723158E-2));
#1486=CARTESIAN_POINT('',(2.555972798404E-2,2.411817496425E-2,
2.170816997514E-2));
#1487=CARTESIAN_POINT('',(2.655939155107E-2,2.436223708842E-2,
1.085408498757E-2));
#1488=CARTESIAN_POINT('',(2.755905511811E-2,2.460629921260E-2,0.E0));
#1489=B_SPLINE_SURFACE_WITH_KNOTS('',3,3,((#1469,#1470,#1471,#1472),(#1473,
#1474,#1475,#1476),(#1477,#1478,#1479,#1480),(#1481,#1482,#1483,#1484),(#1485,
#1486,#1487,#1488)),.UNSPECIFIED.,.F.,.F.,.F.,(4,1,4),(4,4),(-2.399294869432E-1,
5.E-1,1.166367929074E0),(-7.158806042758E-6,8.234227346874E-4),.UNSPECIFIED.);
#1490=ORIENTED_EDGE('',*,*,#1434,.T.);
#1491=ORIENTED_EDGE('',*,*,#1268,.T.);
#1493=ORIENTED_EDGE('',*,*,#1492,.F.);
#1494=EDGE_LOOP('',(#1490,#1491,#1493));
#1495=FACE_OUTER_BOUND('',#1494,.F.);
#1496=ADVANCED_FACE('',(#1495),#1489,.T.);
#1497=CARTESIAN_POINT('',(2.424696431021E-2,2.421259842520E-2,
3.188976377953E-2));
#1498=DIRECTION('',(0.E0,1.E0,0.E0));
#1499=DIRECTION('',(1.E0,0.E0,0.E0));
#1500=AXIS2_PLACEMENT_3D('',#1497,#1498,#1499);
#1501=SPHERICAL_SURFACE('',#1500,3.937007874016E-4);
#1503=ORIENTED_EDGE('',*,*,#1502,.F.);
#1504=ORIENTED_EDGE('',*,*,#1492,.T.);
#1506=ORIENTED_EDGE('',*,*,#1505,.F.);
#1507=EDGE_LOOP('',(#1503,#1504,#1506));
#1508=FACE_OUTER_BOUND('',#1507,.F.);
#1509=ADVANCED_FACE('',(#1508),#1501,.T.);
#1510=CARTESIAN_POINT('',(0.E0,2.421259842520E-2,3.188976377953E-2));
#1511=DIRECTION('',(-1.E0,0.E0,0.E0));
#1512=DIRECTION('',(0.E0,0.E0,1.E0));
#1513=AXIS2_PLACEMENT_3D('',#1510,#1511,#1512);
#1514=CYLINDRICAL_SURFACE('',#1513,3.937007874016E-4);
#1515=ORIENTED_EDGE('',*,*,#1436,.F.);
#1516=ORIENTED_EDGE('',*,*,#1502,.T.);
#1518=ORIENTED_EDGE('',*,*,#1517,.F.);
#1520=ORIENTED_EDGE('',*,*,#1519,.T.);
#1521=EDGE_LOOP('',(#1515,#1516,#1518,#1520));
#1522=FACE_OUTER_BOUND('',#1521,.F.);
#1523=ADVANCED_FACE('',(#1522),#1514,.T.);
#1524=CARTESIAN_POINT('',(0.E0,0.E0,3.228346456693E-2));
#1525=DIRECTION('',(0.E0,0.E0,1.E0));
#1526=DIRECTION('',(1.E0,0.E0,0.E0));
#1527=AXIS2_PLACEMENT_3D('',#1524,#1525,#1526);
#1528=PLANE('',#1527);
#1529=ORIENTED_EDGE('',*,*,#1517,.T.);
#1531=ORIENTED_EDGE('',*,*,#1530,.T.);
#1533=ORIENTED_EDGE('',*,*,#1532,.T.);
#1535=ORIENTED_EDGE('',*,*,#1534,.T.);
#1536=EDGE_LOOP('',(#1529,#1531,#1533,#1535));
#1537=FACE_OUTER_BOUND('',#1536,.F.);
#1538=ADVANCED_FACE('',(#1537),#1528,.T.);
#1539=CARTESIAN_POINT('',(2.424696431021E-2,0.E0,3.188976377953E-2));
#1540=DIRECTION('',(0.E0,1.E0,0.E0));
#1541=DIRECTION('',(0.E0,0.E0,1.E0));
#1542=AXIS2_PLACEMENT_3D('',#1539,#1540,#1541);
#1543=CYLINDRICAL_SURFACE('',#1542,3.937007874016E-4);
#1544=ORIENTED_EDGE('',*,*,#1530,.F.);
#1545=ORIENTED_EDGE('',*,*,#1505,.T.);
#1546=ORIENTED_EDGE('',*,*,#1266,.F.);
#1548=ORIENTED_EDGE('',*,*,#1547,.T.);
#1549=EDGE_LOOP('',(#1544,#1545,#1546,#1548));
#1550=FACE_OUTER_BOUND('',#1549,.F.);
#1551=ADVANCED_FACE('',(#1550),#1543,.T.);
#1552=CARTESIAN_POINT('',(2.424696431021E-2,-2.421259842520E-2,
3.188976377953E-2));
#1553=DIRECTION('',(0.E0,1.E0,0.E0));
#1554=DIRECTION('',(1.E0,0.E0,0.E0));
#1555=AXIS2_PLACEMENT_3D('',#1552,#1553,#1554);
#1556=SPHERICAL_SURFACE('',#1555,3.937007874016E-4);
#1557=ORIENTED_EDGE('',*,*,#1304,.T.);
#1559=ORIENTED_EDGE('',*,*,#1558,.F.);
#1560=ORIENTED_EDGE('',*,*,#1547,.F.);
#1561=EDGE_LOOP('',(#1557,#1559,#1560));
#1562=FACE_OUTER_BOUND('',#1561,.F.);
#1563=ADVANCED_FACE('',(#1562),#1556,.T.);
#1564=CARTESIAN_POINT('',(0.E0,-2.421259842520E-2,3.188976377953E-2));
#1565=DIRECTION('',(1.E0,0.E0,0.E0));
#1566=DIRECTION('',(0.E0,0.E0,-1.E0));
#1567=AXIS2_PLACEMENT_3D('',#1564,#1565,#1566);
#1568=CYLINDRICAL_SURFACE('',#1567,3.937007874016E-4);
#1569=ORIENTED_EDGE('',*,*,#1336,.F.);
#1571=ORIENTED_EDGE('',*,*,#1570,.T.);
#1572=ORIENTED_EDGE('',*,*,#1532,.F.);
#1573=ORIENTED_EDGE('',*,*,#1558,.T.);
#1574=EDGE_LOOP('',(#1569,#1571,#1572,#1573));
#1575=FACE_OUTER_BOUND('',#1574,.F.);
#1576=ADVANCED_FACE('',(#1575),#1568,.T.);
#1577=CARTESIAN_POINT('',(-2.424696431021E-2,-2.421259842520E-2,
3.188976377953E-2));
#1578=DIRECTION('',(0.E0,1.E0,0.E0));
#1579=DIRECTION('',(1.E0,0.E0,0.E0));
#1580=AXIS2_PLACEMENT_3D('',#1577,#1578,#1579);
#1581=SPHERICAL_SURFACE('',#1580,3.937007874016E-4);
#1583=ORIENTED_EDGE('',*,*,#1582,.T.);
#1585=ORIENTED_EDGE('',*,*,#1584,.F.);
#1586=ORIENTED_EDGE('',*,*,#1570,.F.);
#1587=EDGE_LOOP('',(#1583,#1585,#1586));
#1588=FACE_OUTER_BOUND('',#1587,.F.);
#1589=ADVANCED_FACE('',(#1588),#1581,.T.);
#1590=CARTESIAN_POINT('',(-2.407372496655E-2,-2.457807849144E-2,
3.251777269590E-2));
#1591=CARTESIAN_POINT('',(-2.505608344080E-2,-2.457749668028E-2,
2.166210492545E-2));
#1592=CARTESIAN_POINT('',(-2.630756927945E-2,-2.459189794644E-2,
1.083105246272E-2));
#1593=CARTESIAN_POINT('',(-2.755905511811E-2,-2.460629921260E-2,0.E0));
#1594=CARTESIAN_POINT('',(-2.416768579755E-2,-2.463666074286E-2,
3.252636667434E-2));
#1595=CARTESIAN_POINT('',(-2.515198141079E-2,-2.463728668990E-2,
2.167087608124E-2));
#1596=CARTESIAN_POINT('',(-2.635551826445E-2,-2.462179295125E-2,
1.083543804062E-2));
#1597=CARTESIAN_POINT('',(-2.755905511811E-2,-2.460629921260E-2,0.E0));
#1598=CARTESIAN_POINT('',(-2.452382513498E-2,-2.457138082689E-2,
3.255894039423E-2));
#1599=CARTESIAN_POINT('',(-2.551546307790E-2,-2.457066093365E-2,
2.170412135567E-2));
#1600=CARTESIAN_POINT('',(-2.653725909800E-2,-2.458848007313E-2,
1.085206067784E-2));
#1601=CARTESIAN_POINT('',(-2.755905511811E-2,-2.460629921260E-2,0.E0));
#1602=CARTESIAN_POINT('',(-2.460330537247E-2,-2.422828701744E-2,
3.256620992814E-2));
#1603=CARTESIAN_POINT('',(-2.559658191592E-2,-2.422049374703E-2,
2.171154076159E-2));
#1604=CARTESIAN_POINT('',(-2.657781851701E-2,-2.441339647982E-2,
1.085577038079E-2));
#1605=CARTESIAN_POINT('',(-2.755905511811E-2,-2.460629921260E-2,0.E0));
#1606=CARTESIAN_POINT('',(-2.456719589002E-2,-2.412803507406E-2,
3.256290723158E-2));
#1607=CARTESIAN_POINT('',(-2.555972798404E-2,-2.411817496425E-2,
2.170816997514E-2));
#1608=CARTESIAN_POINT('',(-2.655939155107E-2,-2.436223708842E-2,
1.085408498757E-2));
#1609=CARTESIAN_POINT('',(-2.755905511811E-2,-2.460629921260E-2,0.E0));
#1610=B_SPLINE_SURFACE_WITH_KNOTS('',3,3,((#1590,#1591,#1592,#1593),(#1594,
#1595,#1596,#1597),(#1598,#1599,#1600,#1601),(#1602,#1603,#1604,#1605),(#1606,
#1607,#1608,#1609)),.UNSPECIFIED.,.F.,.F.,.F.,(4,1,4),(4,4),(-2.399294869433E-1,
5.E-1,1.166367929074E0),(-7.158806042758E-6,8.234227346874E-4),.UNSPECIFIED.);
#1612=ORIENTED_EDGE('',*,*,#1611,.T.);
#1613=ORIENTED_EDGE('',*,*,#1582,.F.);
#1614=ORIENTED_EDGE('',*,*,#1334,.T.);
#1615=EDGE_LOOP('',(#1612,#1613,#1614));
#1616=FACE_OUTER_BOUND('',#1615,.F.);
#1617=ADVANCED_FACE('',(#1616),#1610,.T.);
#1618=CARTESIAN_POINT('',(-2.733042094527E-2,0.E0,2.499733623043E-3));
#1619=DIRECTION('',(-9.958432837191E-1,0.E0,9.108322716943E-2));
#1620=DIRECTION('',(9.108322716943E-2,0.E0,9.958432837191E-1));
#1621=AXIS2_PLACEMENT_3D('',#1618,#1619,#1620);
#1622=PLANE('',#1621);
#1624=ORIENTED_EDGE('',*,*,#1623,.T.);
#1625=ORIENTED_EDGE('',*,*,#1253,.T.);
#1627=ORIENTED_EDGE('',*,*,#1626,.F.);
#1629=ORIENTED_EDGE('',*,*,#1628,.T.);
#1630=ORIENTED_EDGE('',*,*,#1611,.F.);
#1631=ORIENTED_EDGE('',*,*,#1215,.T.);
#1633=ORIENTED_EDGE('',*,*,#1632,.T.);
#1635=ORIENTED_EDGE('',*,*,#1634,.T.);
#1636=EDGE_LOOP('',(#1624,#1625,#1627,#1629,#1630,#1631,#1633,#1635));
#1637=FACE_OUTER_BOUND('',#1636,.F.);
#1638=ADVANCED_FACE('',(#1637),#1622,.T.);
#1639=CARTESIAN_POINT('',(-4.763779527559E-2,1.589132640998E-2,
1.574803149606E-3));
#1640=DIRECTION('',(0.E0,-1.E0,0.E0));
#1641=DIRECTION('',(0.E0,0.E0,-1.E0));
#1642=AXIS2_PLACEMENT_3D('',#1639,#1640,#1641);
#1643=PLANE('',#1642);
#1644=ORIENTED_EDGE('',*,*,#1623,.F.);
#1646=ORIENTED_EDGE('',*,*,#1645,.F.);
#1648=ORIENTED_EDGE('',*,*,#1647,.T.);
#1649=ORIENTED_EDGE('',*,*,#1237,.T.);
#1650=EDGE_LOOP('',(#1644,#1646,#1648,#1649));
#1651=FACE_OUTER_BOUND('',#1650,.F.);
#1652=ADVANCED_FACE('',(#1651),#1643,.F.);
#1653=CARTESIAN_POINT('',(-6.496062992126E-2,0.E0,1.574803149606E-3));
#1654=DIRECTION('',(0.E0,0.E0,-1.E0));
#1655=DIRECTION('',(-1.E0,0.E0,0.E0));
#1656=AXIS2_PLACEMENT_3D('',#1653,#1654,#1655);
#1657=PLANE('',#1656);
#1658=ORIENTED_EDGE('',*,*,#1634,.F.);
#1660=ORIENTED_EDGE('',*,*,#1659,.T.);
#1661=ORIENTED_EDGE('',*,*,#1132,.F.);
#1662=ORIENTED_EDGE('',*,*,#1130,.F.);
#1664=ORIENTED_EDGE('',*,*,#1663,.T.);
#1666=ORIENTED_EDGE('',*,*,#1665,.F.);
#1668=ORIENTED_EDGE('',*,*,#1667,.F.);
#1670=ORIENTED_EDGE('',*,*,#1669,.T.);
#1672=ORIENTED_EDGE('',*,*,#1671,.F.);
#1673=ORIENTED_EDGE('',*,*,#1645,.T.);
#1674=EDGE_LOOP('',(#1658,#1660,#1661,#1662,#1664,#1666,#1668,#1670,#1672,
#1673));
#1675=FACE_OUTER_BOUND('',#1674,.F.);
#1676=ADVANCED_FACE('',(#1675),#1657,.F.);
#1677=CARTESIAN_POINT('',(-4.318573730862E-2,8.858267716535E-3,
1.574803149606E-3));
#1678=DIRECTION('',(0.E0,1.E0,0.E0));
#1679=DIRECTION('',(-1.E0,0.E0,0.E0));
#1680=AXIS2_PLACEMENT_3D('',#1677,#1678,#1679);
#1681=PLANE('',#1680);
#1682=ORIENTED_EDGE('',*,*,#1632,.F.);
#1683=ORIENTED_EDGE('',*,*,#1213,.T.);
#1684=ORIENTED_EDGE('',*,*,#1134,.T.);
#1685=ORIENTED_EDGE('',*,*,#1659,.F.);
#1686=EDGE_LOOP('',(#1682,#1683,#1684,#1685));
#1687=FACE_OUTER_BOUND('',#1686,.F.);
#1688=ADVANCED_FACE('',(#1687),#1681,.F.);
#1689=CARTESIAN_POINT('',(-6.299212598425E-2,-2.460629921260E-2,
-7.874015748031E-3));
#1690=DIRECTION('',(-1.E0,0.E0,0.E0));
#1691=DIRECTION('',(0.E0,0.E0,1.E0));
#1692=AXIS2_PLACEMENT_3D('',#1689,#1690,#1691);
#1693=PLANE('',#1692);
#1694=ORIENTED_EDGE('',*,*,#1392,.T.);
#1696=ORIENTED_EDGE('',*,*,#1695,.F.);
#1698=ORIENTED_EDGE('',*,*,#1697,.T.);
#1700=ORIENTED_EDGE('',*,*,#1699,.T.);
#1701=ORIENTED_EDGE('',*,*,#1663,.F.);
#1702=ORIENTED_EDGE('',*,*,#1128,.T.);
#1703=ORIENTED_EDGE('',*,*,#1227,.F.);
#1704=ORIENTED_EDGE('',*,*,#1324,.T.);
#1705=EDGE_LOOP('',(#1694,#1696,#1698,#1700,#1701,#1702,#1703,#1704));
#1706=FACE_OUTER_BOUND('',#1705,.F.);
#1707=ADVANCED_FACE('',(#1706),#1693,.T.);
#1708=CARTESIAN_POINT('',(-6.299212598425E-2,-1.594488188976E-2,
-7.874015748031E-3));
#1709=DIRECTION('',(0.E0,-1.E0,0.E0));
#1710=DIRECTION('',(0.E0,0.E0,-1.E0));
#1711=AXIS2_PLACEMENT_3D('',#1708,#1709,#1710);
#1712=PLANE('',#1711);
#1713=ORIENTED_EDGE('',*,*,#1390,.T.);
#1715=ORIENTED_EDGE('',*,*,#1714,.F.);
#1717=ORIENTED_EDGE('',*,*,#1716,.F.);
#1718=ORIENTED_EDGE('',*,*,#1695,.T.);
#1719=EDGE_LOOP('',(#1713,#1715,#1717,#1718));
#1720=FACE_OUTER_BOUND('',#1719,.F.);
#1721=ADVANCED_FACE('',(#1720),#1712,.T.);
#1722=CARTESIAN_POINT('',(-6.181102362205E-2,-1.594488188976E-2,
-7.874015748031E-3));
#1723=DIRECTION('',(-1.E0,0.E0,0.E0));
#1724=DIRECTION('',(0.E0,0.E0,1.E0));
#1725=AXIS2_PLACEMENT_3D('',#1722,#1723,#1724);
#1726=PLANE('',#1725);
#1727=ORIENTED_EDGE('',*,*,#1388,.F.);
#1729=ORIENTED_EDGE('',*,*,#1728,.F.);
#1731=ORIENTED_EDGE('',*,*,#1730,.F.);
#1732=ORIENTED_EDGE('',*,*,#1714,.T.);
#1733=EDGE_LOOP('',(#1727,#1729,#1731,#1732));
#1734=FACE_OUTER_BOUND('',#1733,.F.);
#1735=ADVANCED_FACE('',(#1734),#1726,.T.);
#1736=CARTESIAN_POINT('',(-6.181102362205E-2,-2.381889763780E-2,
-7.874015748031E-3));
#1737=DIRECTION('',(0.E0,-1.E0,0.E0));
#1738=DIRECTION('',(0.E0,0.E0,-1.E0));
#1739=AXIS2_PLACEMENT_3D('',#1736,#1737,#1738);
#1740=PLANE('',#1739);
#1741=ORIENTED_EDGE('',*,*,#1409,.T.);
#1743=ORIENTED_EDGE('',*,*,#1742,.F.);
#1745=ORIENTED_EDGE('',*,*,#1744,.F.);
#1746=ORIENTED_EDGE('',*,*,#1728,.T.);
#1747=EDGE_LOOP('',(#1741,#1743,#1745,#1746));
#1748=FACE_OUTER_BOUND('',#1747,.F.);
#1749=ADVANCED_FACE('',(#1748),#1740,.T.);
#1750=CARTESIAN_POINT('',(-4.488188976378E-2,-2.381889763780E-2,
-7.874015748031E-3));
#1751=DIRECTION('',(1.E0,0.E0,0.E0));
#1752=DIRECTION('',(0.E0,0.E0,-1.E0));
#1753=AXIS2_PLACEMENT_3D('',#1750,#1751,#1752);
#1754=PLANE('',#1753);
#1755=ORIENTED_EDGE('',*,*,#1407,.T.);
#1757=ORIENTED_EDGE('',*,*,#1756,.F.);
#1759=ORIENTED_EDGE('',*,*,#1758,.F.);
#1760=ORIENTED_EDGE('',*,*,#1742,.T.);
#1761=EDGE_LOOP('',(#1755,#1757,#1759,#1760));
#1762=FACE_OUTER_BOUND('',#1761,.F.);
#1763=ADVANCED_FACE('',(#1762),#1754,.T.);
#1764=CARTESIAN_POINT('',(-4.488188976378E-2,2.342519685039E-2,
-7.874015748031E-3));
#1765=DIRECTION('',(0.E0,1.E0,0.E0));
#1766=DIRECTION('',(0.E0,0.E0,1.E0));
#1767=AXIS2_PLACEMENT_3D('',#1764,#1765,#1766);
#1768=PLANE('',#1767);
#1769=ORIENTED_EDGE('',*,*,#1405,.F.);
#1771=ORIENTED_EDGE('',*,*,#1770,.F.);
#1773=ORIENTED_EDGE('',*,*,#1772,.F.);
#1774=ORIENTED_EDGE('',*,*,#1756,.T.);
#1775=EDGE_LOOP('',(#1769,#1771,#1773,#1774));
#1776=FACE_OUTER_BOUND('',#1775,.F.);
#1777=ADVANCED_FACE('',(#1776),#1768,.T.);
#1778=CARTESIAN_POINT('',(-6.181102362205E-2,2.342519685039E-2,
-7.874015748031E-3));
#1779=DIRECTION('',(-1.E0,0.E0,0.E0));
#1780=DIRECTION('',(0.E0,0.E0,1.E0));
#1781=AXIS2_PLACEMENT_3D('',#1778,#1779,#1780);
#1782=PLANE('',#1781);
#1783=ORIENTED_EDGE('',*,*,#1403,.F.);
#1785=ORIENTED_EDGE('',*,*,#1784,.F.);
#1787=ORIENTED_EDGE('',*,*,#1786,.F.);
#1788=ORIENTED_EDGE('',*,*,#1770,.T.);
#1789=EDGE_LOOP('',(#1783,#1785,#1787,#1788));
#1790=FACE_OUTER_BOUND('',#1789,.F.);
#1791=ADVANCED_FACE('',(#1790),#1782,.T.);
#1792=CARTESIAN_POINT('',(-6.181102362205E-2,1.555118110236E-2,
-7.874015748031E-3));
#1793=DIRECTION('',(0.E0,1.E0,0.E0));
#1794=DIRECTION('',(0.E0,0.E0,1.E0));
#1795=AXIS2_PLACEMENT_3D('',#1792,#1793,#1794);
#1796=PLANE('',#1795);
#1797=ORIENTED_EDGE('',*,*,#1401,.F.);
#1799=ORIENTED_EDGE('',*,*,#1798,.F.);
#1801=ORIENTED_EDGE('',*,*,#1800,.F.);
#1802=ORIENTED_EDGE('',*,*,#1784,.T.);
#1803=EDGE_LOOP('',(#1797,#1799,#1801,#1802));
#1804=FACE_OUTER_BOUND('',#1803,.F.);
#1805=ADVANCED_FACE('',(#1804),#1796,.T.);
#1806=CARTESIAN_POINT('',(-6.299212598425E-2,-2.460629921260E-2,
-7.874015748031E-3));
#1807=DIRECTION('',(-1.E0,0.E0,0.E0));
#1808=DIRECTION('',(0.E0,0.E0,1.E0));
#1809=AXIS2_PLACEMENT_3D('',#1806,#1807,#1808);
#1810=PLANE('',#1809);
#1811=ORIENTED_EDGE('',*,*,#1241,.F.);
#1813=ORIENTED_EDGE('',*,*,#1812,.T.);
#1814=ORIENTED_EDGE('',*,*,#1669,.F.);
#1816=ORIENTED_EDGE('',*,*,#1815,.T.);
#1818=ORIENTED_EDGE('',*,*,#1817,.T.);
#1819=ORIENTED_EDGE('',*,*,#1798,.T.);
#1820=ORIENTED_EDGE('',*,*,#1399,.T.);
#1821=ORIENTED_EDGE('',*,*,#1448,.F.);
#1822=EDGE_LOOP('',(#1811,#1813,#1814,#1816,#1818,#1819,#1820,#1821));
#1823=FACE_OUTER_BOUND('',#1822,.F.);
#1824=ADVANCED_FACE('',(#1823),#1810,.T.);
#1825=CARTESIAN_POINT('',(-6.496062992126E-2,0.E0,1.574803149606E-3));
#1826=DIRECTION('',(0.E0,0.E0,-1.E0));
#1827=DIRECTION('',(-1.E0,0.E0,0.E0));
#1828=AXIS2_PLACEMENT_3D('',#1825,#1826,#1827);
#1829=CYLINDRICAL_SURFACE('',#1828,2.350776159547E-2);
#1830=ORIENTED_EDGE('',*,*,#1239,.T.);
#1831=ORIENTED_EDGE('',*,*,#1647,.F.);
#1832=ORIENTED_EDGE('',*,*,#1671,.T.);
#1833=ORIENTED_EDGE('',*,*,#1812,.F.);
#1834=EDGE_LOOP('',(#1830,#1831,#1832,#1833));
#1835=FACE_OUTER_BOUND('',#1834,.F.);
#1836=ADVANCED_FACE('',(#1835),#1829,.T.);
#1837=CARTESIAN_POINT('',(-6.496062992126E-2,0.E0,1.574803149606E-3));
#1838=DIRECTION('',(0.E0,0.E0,-1.E0));
#1839=DIRECTION('',(-1.E0,0.E0,0.E0));
#1840=AXIS2_PLACEMENT_3D('',#1837,#1838,#1839);
#1841=CYLINDRICAL_SURFACE('',#1840,9.844487992165E-3);
#1842=ORIENTED_EDGE('',*,*,#1815,.F.);
#1843=ORIENTED_EDGE('',*,*,#1667,.T.);
#1844=ORIENTED_EDGE('',*,*,#1665,.T.);
#1845=ORIENTED_EDGE('',*,*,#1699,.F.);
#1847=ORIENTED_EDGE('',*,*,#1846,.T.);
#1849=ORIENTED_EDGE('',*,*,#1848,.T.);
#1850=EDGE_LOOP('',(#1842,#1843,#1844,#1845,#1847,#1849));
#1851=FACE_OUTER_BOUND('',#1850,.F.);
#1852=ADVANCED_FACE('',(#1851),#1841,.F.);
#1853=CARTESIAN_POINT('',(-6.496062992126E-2,0.E0,-9.448818897638E-3));
#1854=DIRECTION('',(0.E0,0.E0,-1.E0));
#1855=DIRECTION('',(-1.E0,0.E0,0.E0));
#1856=AXIS2_PLACEMENT_3D('',#1853,#1854,#1855);
#1857=PLANE('',#1856);
#1858=ORIENTED_EDGE('',*,*,#1817,.F.);
#1859=ORIENTED_EDGE('',*,*,#1848,.F.);
#1860=ORIENTED_EDGE('',*,*,#1846,.F.);
#1861=ORIENTED_EDGE('',*,*,#1697,.F.);
#1862=ORIENTED_EDGE('',*,*,#1716,.T.);
#1863=ORIENTED_EDGE('',*,*,#1730,.T.);
#1864=ORIENTED_EDGE('',*,*,#1744,.T.);
#1865=ORIENTED_EDGE('',*,*,#1758,.T.);
#1866=ORIENTED_EDGE('',*,*,#1772,.T.);
#1867=ORIENTED_EDGE('',*,*,#1786,.T.);
#1868=ORIENTED_EDGE('',*,*,#1800,.T.);
#1869=EDGE_LOOP('',(#1858,#1859,#1860,#1861,#1862,#1863,#1864,#1865,#1866,#1867,
#1868));
#1870=FACE_OUTER_BOUND('',#1869,.F.);
#1871=ADVANCED_FACE('',(#1870),#1857,.T.);
#1872=CARTESIAN_POINT('',(-2.456321418175E-2,2.411793204405E-2,
3.256254305094E-2));
#1873=CARTESIAN_POINT('',(-2.555566418707E-2,2.410786364559E-2,
2.170779828639E-2));
#1874=CARTESIAN_POINT('',(-2.655735965259E-2,2.435708142910E-2,
1.085389914319E-2));
#1875=CARTESIAN_POINT('',(-2.755905511811E-2,2.460629921260E-2,0.E0));
#1876=CARTESIAN_POINT('',(-2.460581885138E-2,2.421704722333E-2,
3.256643981951E-2));
#1877=CARTESIAN_POINT('',(-2.559914721384E-2,2.420902222825E-2,
2.171177539250E-2));
#1878=CARTESIAN_POINT('',(-2.657910116598E-2,2.440766072042E-2,
1.085588769625E-2));
#1879=CARTESIAN_POINT('',(-2.755905511811E-2,2.460629921260E-2,0.E0));
#1880=CARTESIAN_POINT('',(-2.453084064029E-2,2.456466188096E-2,
3.255958205630E-2));
#1881=CARTESIAN_POINT('',(-2.552262321804E-2,2.456380346689E-2,
2.170477624654E-2));
#1882=CARTESIAN_POINT('',(-2.654083916807E-2,2.458505133975E-2,
1.085238812327E-2));
#1883=CARTESIAN_POINT('',(-2.755905511811E-2,2.460629921260E-2,0.E0));
#1884=CARTESIAN_POINT('',(-2.417920328999E-2,2.463446260567E-2,
3.252742010353E-2));
#1885=CARTESIAN_POINT('',(-2.516373635307E-2,2.463504323493E-2,
2.167195122840E-2));
#1886=CARTESIAN_POINT('',(-2.636139573559E-2,2.462067122376E-2,
1.083597561420E-2));
#1887=CARTESIAN_POINT('',(-2.755905511811E-2,2.460629921260E-2,0.E0));
#1888=CARTESIAN_POINT('',(-2.408270601860E-2,2.458324775092E-2,
3.251859413358E-2));
#1889=CARTESIAN_POINT('',(-2.506524965028E-2,2.458277251156E-2,
2.166294329827E-2));
#1890=CARTESIAN_POINT('',(-2.631215238419E-2,2.459453586208E-2,
1.083147164913E-2));
#1891=CARTESIAN_POINT('',(-2.755905511811E-2,2.460629921260E-2,0.E0));
#1892=B_SPLINE_SURFACE_WITH_KNOTS('',3,3,((#1872,#1873,#1874,#1875),(#1876,
#1877,#1878,#1879),(#1880,#1881,#1882,#1883),(#1884,#1885,#1886,#1887),(#1888,
#1889,#1890,#1891)),.UNSPECIFIED.,.F.,.F.,.F.,(4,1,4),(4,4),(-1.892523944128E-1,
5.E-1,1.217045121410E0),(-7.158806042758E-6,8.234227346874E-4),.UNSPECIFIED.);
#1893=ORIENTED_EDGE('',*,*,#1626,.T.);
#1894=ORIENTED_EDGE('',*,*,#1438,.T.);
#1896=ORIENTED_EDGE('',*,*,#1895,.F.);
#1897=EDGE_LOOP('',(#1893,#1894,#1896));
#1898=FACE_OUTER_BOUND('',#1897,.F.);
#1899=ADVANCED_FACE('',(#1898),#1892,.T.);
#1900=CARTESIAN_POINT('',(-2.424696431021E-2,2.421259842520E-2,
3.188976377953E-2));
#1901=DIRECTION('',(0.E0,1.E0,0.E0));
#1902=DIRECTION('',(1.E0,0.E0,0.E0));
#1903=AXIS2_PLACEMENT_3D('',#1900,#1901,#1902);
#1904=SPHERICAL_SURFACE('',#1903,3.937007874016E-4);
#1906=ORIENTED_EDGE('',*,*,#1905,.F.);
#1907=ORIENTED_EDGE('',*,*,#1895,.T.);
#1908=ORIENTED_EDGE('',*,*,#1519,.F.);
#1909=EDGE_LOOP('',(#1906,#1907,#1908));
#1910=FACE_OUTER_BOUND('',#1909,.F.);
#1911=ADVANCED_FACE('',(#1910),#1904,.T.);
#1912=CARTESIAN_POINT('',(-2.424696431021E-2,0.E0,3.188976377953E-2));
#1913=DIRECTION('',(0.E0,-1.E0,0.E0));
#1914=DIRECTION('',(0.E0,0.E0,-1.E0));
#1915=AXIS2_PLACEMENT_3D('',#1912,#1913,#1914);
#1916=CYLINDRICAL_SURFACE('',#1915,3.937007874016E-4);
#1917=ORIENTED_EDGE('',*,*,#1628,.F.);
#1918=ORIENTED_EDGE('',*,*,#1905,.T.);
#1919=ORIENTED_EDGE('',*,*,#1534,.F.);
#1920=ORIENTED_EDGE('',*,*,#1584,.T.);
#1921=EDGE_LOOP('',(#1917,#1918,#1919,#1920));
#1922=FACE_OUTER_BOUND('',#1921,.F.);
#1923=ADVANCED_FACE('',(#1922),#1916,.T.);
#1924=CARTESIAN_POINT('',(-2.952755905512E-2,2.460629921260E-2,
7.874015748031E-4));
#1925=DIRECTION('',(-1.E0,0.E0,0.E0));
#1926=DIRECTION('',(0.E0,0.E0,1.E0));
#1927=AXIS2_PLACEMENT_3D('',#1924,#1925,#1926);
#1928=PLANE('',#1927);
#1929=ORIENTED_EDGE('',*,*,#1249,.F.);
#1931=ORIENTED_EDGE('',*,*,#1930,.T.);
#1933=ORIENTED_EDGE('',*,*,#1932,.F.);
#1934=ORIENTED_EDGE('',*,*,#1441,.F.);
#1935=EDGE_LOOP('',(#1929,#1931,#1933,#1934));
#1936=FACE_OUTER_BOUND('',#1935,.F.);
#1937=ADVANCED_FACE('',(#1936),#1928,.F.);
#1938=CARTESIAN_POINT('',(-4.527559055118E-2,1.673228346457E-2,
7.874015748031E-4));
#1939=DIRECTION('',(0.E0,1.E0,0.E0));
#1940=DIRECTION('',(0.E0,0.E0,1.E0));
#1941=AXIS2_PLACEMENT_3D('',#1938,#1939,#1940);
#1942=PLANE('',#1941);
#1943=ORIENTED_EDGE('',*,*,#1247,.F.);
#1945=ORIENTED_EDGE('',*,*,#1944,.T.);
#1947=ORIENTED_EDGE('',*,*,#1946,.F.);
#1948=ORIENTED_EDGE('',*,*,#1930,.F.);
#1949=EDGE_LOOP('',(#1943,#1945,#1947,#1948));
#1950=FACE_OUTER_BOUND('',#1949,.F.);
#1951=ADVANCED_FACE('',(#1950),#1942,.F.);
#1952=CARTESIAN_POINT('',(-4.527559055118E-2,2.460629921260E-2,
7.874015748031E-4));
#1953=DIRECTION('',(1.E0,0.E0,0.E0));
#1954=DIRECTION('',(0.E0,0.E0,-1.E0));
#1955=AXIS2_PLACEMENT_3D('',#1952,#1953,#1954);
#1956=PLANE('',#1955);
#1957=ORIENTED_EDGE('',*,*,#1245,.T.);
#1958=ORIENTED_EDGE('',*,*,#1445,.T.);
#1960=ORIENTED_EDGE('',*,*,#1959,.F.);
#1961=ORIENTED_EDGE('',*,*,#1944,.F.);
#1962=EDGE_LOOP('',(#1957,#1958,#1960,#1961));
#1963=FACE_OUTER_BOUND('',#1962,.F.);
#1964=ADVANCED_FACE('',(#1963),#1956,.F.);
#1965=CARTESIAN_POINT('',(0.E0,0.E0,7.874015748031E-4));
#1966=DIRECTION('',(0.E0,0.E0,1.E0));
#1967=DIRECTION('',(1.E0,0.E0,0.E0));
#1968=AXIS2_PLACEMENT_3D('',#1965,#1966,#1967);
#1969=PLANE('',#1968);
#1970=ORIENTED_EDGE('',*,*,#1959,.T.);
#1971=ORIENTED_EDGE('',*,*,#1443,.T.);
#1972=ORIENTED_EDGE('',*,*,#1932,.T.);
#1973=ORIENTED_EDGE('',*,*,#1946,.T.);
#1974=EDGE_LOOP('',(#1970,#1971,#1972,#1973));
#1975=FACE_OUTER_BOUND('',#1974,.F.);
#1976=ADVANCED_FACE('',(#1975),#1969,.T.);
#1977=CARTESIAN_POINT('',(-3.937007874016E-2,-2.460629921260E-2,
-8.661417322835E-3));
#1978=DIRECTION('',(1.E0,0.E0,0.E0));
#1979=DIRECTION('',(0.E0,0.E0,-1.E0));
#1980=AXIS2_PLACEMENT_3D('',#1977,#1978,#1979);
#1981=PLANE('',#1980);
#1982=ORIENTED_EDGE('',*,*,#1395,.F.);
#1983=ORIENTED_EDGE('',*,*,#1320,.T.);
#1985=ORIENTED_EDGE('',*,*,#1984,.F.);
#1986=ORIENTED_EDGE('',*,*,#1451,.F.);
#1987=EDGE_LOOP('',(#1982,#1983,#1985,#1986));
#1988=FACE_OUTER_BOUND('',#1987,.F.);
#1989=ADVANCED_FACE('',(#1988),#1981,.F.);
#1990=CARTESIAN_POINT('',(0.E0,0.E0,-8.661417322835E-3));
#1991=DIRECTION('',(0.E0,0.E0,-1.E0));
#1992=DIRECTION('',(-1.E0,0.E0,0.E0));
#1993=AXIS2_PLACEMENT_3D('',#1990,#1991,#1992);
#1994=PLANE('',#1993);
#1995=ORIENTED_EDGE('',*,*,#1984,.T.);
#1996=ORIENTED_EDGE('',*,*,#1318,.T.);
#1997=ORIENTED_EDGE('',*,*,#1422,.T.);
#1998=ORIENTED_EDGE('',*,*,#1453,.T.);
#1999=EDGE_LOOP('',(#1995,#1996,#1997,#1998));
#2000=FACE_OUTER_BOUND('',#1999,.F.);
#2001=ADVANCED_FACE('',(#2000),#1994,.T.);
#2002=CARTESIAN_POINT('',(6.299212598425E-2,1.082677165354E-2,
1.574803149606E-3));
#2003=DIRECTION('',(-1.E0,0.E0,0.E0));
#2004=DIRECTION('',(0.E0,0.E0,1.E0));
#2005=AXIS2_PLACEMENT_3D('',#2002,#2003,#2004);
#2006=PLANE('',#2005);
#2008=ORIENTED_EDGE('',*,*,#2007,.T.);
#2009=ORIENTED_EDGE('',*,*,#1202,.F.);
#2010=ORIENTED_EDGE('',*,*,#1457,.T.);
#2011=ORIENTED_EDGE('',*,*,#1376,.T.);
#2013=ORIENTED_EDGE('',*,*,#2012,.F.);
#2015=ORIENTED_EDGE('',*,*,#2014,.T.);
#2017=ORIENTED_EDGE('',*,*,#2016,.T.);
#2019=ORIENTED_EDGE('',*,*,#2018,.F.);
#2020=EDGE_LOOP('',(#2008,#2009,#2010,#2011,#2013,#2015,#2017,#2019));
#2021=FACE_OUTER_BOUND('',#2020,.F.);
#2022=ADVANCED_FACE('',(#2021),#2006,.F.);
#2023=CARTESIAN_POINT('',(6.496062992126E-2,0.E0,1.574803149606E-3));
#2024=DIRECTION('',(0.E0,0.E0,-1.E0));
#2025=DIRECTION('',(-1.E0,0.E0,0.E0));
#2026=AXIS2_PLACEMENT_3D('',#2023,#2024,#2025);
#2027=CYLINDRICAL_SURFACE('',#2026,2.350776159548E-2);
#2028=ORIENTED_EDGE('',*,*,#1196,.T.);
#2029=ORIENTED_EDGE('',*,*,#2007,.F.);
#2031=ORIENTED_EDGE('',*,*,#2030,.T.);
#2033=ORIENTED_EDGE('',*,*,#2032,.F.);
#2034=EDGE_LOOP('',(#2028,#2029,#2031,#2033));
#2035=FACE_OUTER_BOUND('',#2034,.F.);
#2036=ADVANCED_FACE('',(#2035),#2027,.T.);
#2037=CARTESIAN_POINT('',(6.496062992126E-2,0.E0,1.574803149606E-3));
#2038=DIRECTION('',(0.E0,0.E0,1.E0));
#2039=DIRECTION('',(1.E0,0.E0,0.E0));
#2040=AXIS2_PLACEMENT_3D('',#2037,#2038,#2039);
#2041=PLANE('',#2040);
#2042=ORIENTED_EDGE('',*,*,#1273,.T.);
#2044=ORIENTED_EDGE('',*,*,#2043,.T.);
#2046=ORIENTED_EDGE('',*,*,#2045,.F.);
#2048=ORIENTED_EDGE('',*,*,#2047,.T.);
#2049=ORIENTED_EDGE('',*,*,#1462,.T.);
#2051=ORIENTED_EDGE('',*,*,#2050,.T.);
#2052=ORIENTED_EDGE('',*,*,#2030,.F.);
#2053=ORIENTED_EDGE('',*,*,#2018,.T.);
#2055=ORIENTED_EDGE('',*,*,#2054,.F.);
#2057=ORIENTED_EDGE('',*,*,#2056,.T.);
#2059=ORIENTED_EDGE('',*,*,#2058,.F.);
#2061=ORIENTED_EDGE('',*,*,#2060,.T.);
#2062=ORIENTED_EDGE('',*,*,#1342,.T.);
#2064=ORIENTED_EDGE('',*,*,#2063,.T.);
#2066=ORIENTED_EDGE('',*,*,#2065,.F.);
#2068=ORIENTED_EDGE('',*,*,#2067,.T.);
#2069=EDGE_LOOP('',(#2042,#2044,#2046,#2048,#2049,#2051,#2052,#2053,#2055,#2057,
#2059,#2061,#2062,#2064,#2066,#2068));
#2070=FACE_OUTER_BOUND('',#2069,.F.);
#2071=ADVANCED_FACE('',(#2070),#2041,.T.);
#2072=CARTESIAN_POINT('',(4.318573730862E-2,-8.858267716535E-3,
1.574803149606E-3));
#2073=DIRECTION('',(0.E0,-1.E0,0.E0));
#2074=DIRECTION('',(1.E0,0.E0,0.E0));
#2075=AXIS2_PLACEMENT_3D('',#2072,#2073,#2074);
#2076=PLANE('',#2075);
#2077=ORIENTED_EDGE('',*,*,#1170,.T.);
#2079=ORIENTED_EDGE('',*,*,#2078,.T.);
#2080=ORIENTED_EDGE('',*,*,#2043,.F.);
#2081=ORIENTED_EDGE('',*,*,#1271,.F.);
#2082=EDGE_LOOP('',(#2077,#2079,#2080,#2081));
#2083=FACE_OUTER_BOUND('',#2082,.F.);
#2084=ADVANCED_FACE('',(#2083),#2076,.F.);
#2085=CARTESIAN_POINT('',(6.496062992126E-2,0.E0,1.574803149606E-3));
#2086=DIRECTION('',(0.E0,0.E0,-1.E0));
#2087=DIRECTION('',(-1.E0,0.E0,0.E0));
#2088=AXIS2_PLACEMENT_3D('',#2085,#2086,#2087);
#2089=CYLINDRICAL_SURFACE('',#2088,2.350776159548E-2);
#2090=ORIENTED_EDGE('',*,*,#1168,.T.);
#2092=ORIENTED_EDGE('',*,*,#2091,.F.);
#2093=ORIENTED_EDGE('',*,*,#2045,.T.);
#2094=ORIENTED_EDGE('',*,*,#2078,.F.);
#2095=EDGE_LOOP('',(#2090,#2092,#2093,#2094));
#2096=FACE_OUTER_BOUND('',#2095,.F.);
#2097=ADVANCED_FACE('',(#2096),#2089,.T.);
#2098=CARTESIAN_POINT('',(5.118110236220E-2,2.460629921260E-2,
1.574803149606E-3));
#2099=DIRECTION('',(1.E0,0.E0,0.E0));
#2100=DIRECTION('',(0.E0,0.E0,-1.E0));
#2101=AXIS2_PLACEMENT_3D('',#2098,#2099,#2100);
#2102=PLANE('',#2101);
#2103=ORIENTED_EDGE('',*,*,#1166,.T.);
#2104=ORIENTED_EDGE('',*,*,#1464,.T.);
#2105=ORIENTED_EDGE('',*,*,#2047,.F.);
#2106=ORIENTED_EDGE('',*,*,#2091,.T.);
#2107=EDGE_LOOP('',(#2103,#2104,#2105,#2106));
#2108=FACE_OUTER_BOUND('',#2107,.F.);
#2109=ADVANCED_FACE('',(#2108),#2102,.F.);
#2110=CARTESIAN_POINT('',(5.905511811024E-2,2.460629921260E-2,
1.574803149606E-3));
#2111=DIRECTION('',(-1.E0,0.E0,0.E0));
#2112=DIRECTION('',(0.E0,0.E0,1.E0));
#2113=AXIS2_PLACEMENT_3D('',#2110,#2111,#2112);
#2114=PLANE('',#2113);
#2115=ORIENTED_EDGE('',*,*,#1198,.F.);
#2116=ORIENTED_EDGE('',*,*,#2032,.T.);
#2117=ORIENTED_EDGE('',*,*,#2050,.F.);
#2118=ORIENTED_EDGE('',*,*,#1460,.F.);
#2119=EDGE_LOOP('',(#2115,#2116,#2117,#2118));
#2120=FACE_OUTER_BOUND('',#2119,.F.);
#2121=ADVANCED_FACE('',(#2120),#2114,.F.);
#2122=CARTESIAN_POINT('',(6.496062992126E-2,0.E0,1.574803149606E-3));
#2123=DIRECTION('',(0.E0,0.E0,-1.E0));
#2124=DIRECTION('',(-1.E0,0.E0,0.E0));
#2125=AXIS2_PLACEMENT_3D('',#2122,#2123,#2124);
#2126=CYLINDRICAL_SURFACE('',#2125,9.844487992165E-3);
#2127=ORIENTED_EDGE('',*,*,#2054,.T.);
#2128=ORIENTED_EDGE('',*,*,#2016,.F.);
#2130=ORIENTED_EDGE('',*,*,#2129,.T.);
#2132=ORIENTED_EDGE('',*,*,#2131,.F.);
#2133=EDGE_LOOP('',(#2127,#2128,#2130,#2132));
#2134=FACE_OUTER_BOUND('',#2133,.F.);
#2135=ADVANCED_FACE('',(#2134),#2126,.F.);
#2136=CARTESIAN_POINT('',(6.496062992126E-2,0.E0,-9.448818897638E-3));
#2137=DIRECTION('',(0.E0,0.E0,1.E0));
#2138=DIRECTION('',(1.E0,0.E0,0.E0));
#2139=AXIS2_PLACEMENT_3D('',#2136,#2137,#2138);
#2140=PLANE('',#2139);
#2142=ORIENTED_EDGE('',*,*,#2141,.F.);
#2143=ORIENTED_EDGE('',*,*,#2129,.F.);
#2144=ORIENTED_EDGE('',*,*,#2014,.F.);
#2146=ORIENTED_EDGE('',*,*,#2145,.T.);
#2148=ORIENTED_EDGE('',*,*,#2147,.T.);
#2150=ORIENTED_EDGE('',*,*,#2149,.T.);
#2152=ORIENTED_EDGE('',*,*,#2151,.T.);
#2154=ORIENTED_EDGE('',*,*,#2153,.T.);
#2156=ORIENTED_EDGE('',*,*,#2155,.T.);
#2158=ORIENTED_EDGE('',*,*,#2157,.T.);
#2159=EDGE_LOOP('',(#2142,#2143,#2144,#2146,#2148,#2150,#2152,#2154,#2156,
#2158));
#2160=FACE_OUTER_BOUND('',#2159,.F.);
#2161=ADVANCED_FACE('',(#2160),#2140,.F.);
#2162=CARTESIAN_POINT('',(6.299212598425E-2,-1.082677165354E-2,
1.574803149606E-3));
#2163=DIRECTION('',(-1.E0,0.E0,0.E0));
#2164=DIRECTION('',(0.E0,0.E0,1.E0));
#2165=AXIS2_PLACEMENT_3D('',#2162,#2163,#2164);
#2166=PLANE('',#2165);
#2168=ORIENTED_EDGE('',*,*,#2167,.T.);
#2169=ORIENTED_EDGE('',*,*,#1360,.T.);
#2170=ORIENTED_EDGE('',*,*,#1347,.F.);
#2171=ORIENTED_EDGE('',*,*,#1182,.F.);
#2173=ORIENTED_EDGE('',*,*,#2172,.T.);
#2174=ORIENTED_EDGE('',*,*,#2056,.F.);
#2175=ORIENTED_EDGE('',*,*,#2131,.T.);
#2176=ORIENTED_EDGE('',*,*,#2141,.T.);
#2177=EDGE_LOOP('',(#2168,#2169,#2170,#2171,#2173,#2174,#2175,#2176));
#2178=FACE_OUTER_BOUND('',#2177,.F.);
#2179=ADVANCED_FACE('',(#2178),#2166,.F.);
#2180=CARTESIAN_POINT('',(6.299212598425E-2,-1.594488188976E-2,
-7.874015748031E-3));
#2181=DIRECTION('',(0.E0,-1.E0,0.E0));
#2182=DIRECTION('',(0.E0,0.E0,-1.E0));
#2183=AXIS2_PLACEMENT_3D('',#2180,#2181,#2182);
#2184=PLANE('',#2183);
#2185=ORIENTED_EDGE('',*,*,#1362,.T.);
#2186=ORIENTED_EDGE('',*,*,#2167,.F.);
#2187=ORIENTED_EDGE('',*,*,#2157,.F.);
#2189=ORIENTED_EDGE('',*,*,#2188,.T.);
#2190=EDGE_LOOP('',(#2185,#2186,#2187,#2189));
#2191=FACE_OUTER_BOUND('',#2190,.F.);
#2192=ADVANCED_FACE('',(#2191),#2184,.T.);
#2193=CARTESIAN_POINT('',(6.181102362205E-2,-1.594488188976E-2,
-7.874015748031E-3));
#2194=DIRECTION('',(1.E0,0.E0,0.E0));
#2195=DIRECTION('',(0.E0,0.E0,-1.E0));
#2196=AXIS2_PLACEMENT_3D('',#2193,#2194,#2195);
#2197=PLANE('',#2196);
#2198=ORIENTED_EDGE('',*,*,#1364,.T.);
#2199=ORIENTED_EDGE('',*,*,#2188,.F.);
#2200=ORIENTED_EDGE('',*,*,#2155,.F.);
#2202=ORIENTED_EDGE('',*,*,#2201,.T.);
#2203=EDGE_LOOP('',(#2198,#2199,#2200,#2202));
#2204=FACE_OUTER_BOUND('',#2203,.F.);
#2205=ADVANCED_FACE('',(#2204),#2197,.T.);
#2206=CARTESIAN_POINT('',(6.181102362205E-2,-2.381889763780E-2,
-7.874015748031E-3));
#2207=DIRECTION('',(0.E0,-1.E0,0.E0));
#2208=DIRECTION('',(0.E0,0.E0,-1.E0));
#2209=AXIS2_PLACEMENT_3D('',#2206,#2207,#2208);
#2210=PLANE('',#2209);
#2211=ORIENTED_EDGE('',*,*,#1366,.T.);
#2212=ORIENTED_EDGE('',*,*,#2201,.F.);
#2213=ORIENTED_EDGE('',*,*,#2153,.F.);
#2215=ORIENTED_EDGE('',*,*,#2214,.T.);
#2216=EDGE_LOOP('',(#2211,#2212,#2213,#2215));
#2217=FACE_OUTER_BOUND('',#2216,.F.);
#2218=ADVANCED_FACE('',(#2217),#2210,.T.);
#2219=CARTESIAN_POINT('',(4.488188976378E-2,-2.381889763780E-2,
-7.874015748031E-3));
#2220=DIRECTION('',(-1.E0,0.E0,0.E0));
#2221=DIRECTION('',(0.E0,0.E0,1.E0));
#2222=AXIS2_PLACEMENT_3D('',#2219,#2220,#2221);
#2223=PLANE('',#2222);
#2224=ORIENTED_EDGE('',*,*,#1368,.F.);
#2225=ORIENTED_EDGE('',*,*,#2214,.F.);
#2226=ORIENTED_EDGE('',*,*,#2151,.F.);
#2228=ORIENTED_EDGE('',*,*,#2227,.T.);
#2229=EDGE_LOOP('',(#2224,#2225,#2226,#2228));
#2230=FACE_OUTER_BOUND('',#2229,.F.);
#2231=ADVANCED_FACE('',(#2230),#2223,.T.);
#2232=CARTESIAN_POINT('',(4.488188976378E-2,2.342519685039E-2,
-7.874015748031E-3));
#2233=DIRECTION('',(0.E0,1.E0,0.E0));
#2234=DIRECTION('',(0.E0,0.E0,1.E0));
#2235=AXIS2_PLACEMENT_3D('',#2232,#2233,#2234);
#2236=PLANE('',#2235);
#2237=ORIENTED_EDGE('',*,*,#1370,.F.);
#2238=ORIENTED_EDGE('',*,*,#2227,.F.);
#2239=ORIENTED_EDGE('',*,*,#2149,.F.);
#2241=ORIENTED_EDGE('',*,*,#2240,.T.);
#2242=EDGE_LOOP('',(#2237,#2238,#2239,#2241));
#2243=FACE_OUTER_BOUND('',#2242,.F.);
#2244=ADVANCED_FACE('',(#2243),#2236,.T.);
#2245=CARTESIAN_POINT('',(6.181102362205E-2,2.342519685039E-2,
-7.874015748031E-3));
#2246=DIRECTION('',(1.E0,0.E0,0.E0));
#2247=DIRECTION('',(0.E0,0.E0,-1.E0));
#2248=AXIS2_PLACEMENT_3D('',#2245,#2246,#2247);
#2249=PLANE('',#2248);
#2250=ORIENTED_EDGE('',*,*,#1372,.T.);
#2251=ORIENTED_EDGE('',*,*,#2240,.F.);
#2252=ORIENTED_EDGE('',*,*,#2147,.F.);
#2254=ORIENTED_EDGE('',*,*,#2253,.T.);
#2255=EDGE_LOOP('',(#2250,#2251,#2252,#2254));
#2256=FACE_OUTER_BOUND('',#2255,.F.);
#2257=ADVANCED_FACE('',(#2256),#2249,.T.);
#2258=CARTESIAN_POINT('',(6.181102362205E-2,1.555118110236E-2,
-7.874015748031E-3));
#2259=DIRECTION('',(0.E0,1.E0,0.E0));
#2260=DIRECTION('',(0.E0,0.E0,1.E0));
#2261=AXIS2_PLACEMENT_3D('',#2258,#2259,#2260);
#2262=PLANE('',#2261);
#2263=ORIENTED_EDGE('',*,*,#1374,.F.);
#2264=ORIENTED_EDGE('',*,*,#2253,.F.);
#2265=ORIENTED_EDGE('',*,*,#2145,.F.);
#2266=ORIENTED_EDGE('',*,*,#2012,.T.);
#2267=EDGE_LOOP('',(#2263,#2264,#2265,#2266));
#2268=FACE_OUTER_BOUND('',#2267,.F.);
#2269=ADVANCED_FACE('',(#2268),#2262,.T.);
#2270=CARTESIAN_POINT('',(6.496062992126E-2,0.E0,1.574803149606E-3));
#2271=DIRECTION('',(0.E0,0.E0,-1.E0));
#2272=DIRECTION('',(-1.E0,0.E0,0.E0));
#2273=AXIS2_PLACEMENT_3D('',#2270,#2271,#2272);
#2274=CYLINDRICAL_SURFACE('',#2273,2.350776159547E-2);
#2275=ORIENTED_EDGE('',*,*,#1180,.T.);
#2277=ORIENTED_EDGE('',*,*,#2276,.F.);
#2278=ORIENTED_EDGE('',*,*,#2058,.T.);
#2279=ORIENTED_EDGE('',*,*,#2172,.F.);
#2280=EDGE_LOOP('',(#2275,#2277,#2278,#2279));
#2281=FACE_OUTER_BOUND('',#2280,.F.);
#2282=ADVANCED_FACE('',(#2281),#2274,.T.);
#2283=CARTESIAN_POINT('',(5.905511811024E-2,-2.460629921260E-2,
1.574803149606E-3));
#2284=DIRECTION('',(-1.E0,0.E0,0.E0));
#2285=DIRECTION('',(0.E0,0.E0,1.E0));
#2286=AXIS2_PLACEMENT_3D('',#2283,#2284,#2285);
#2287=PLANE('',#2286);
#2288=ORIENTED_EDGE('',*,*,#1186,.F.);
#2289=ORIENTED_EDGE('',*,*,#1344,.T.);
#2290=ORIENTED_EDGE('',*,*,#2060,.F.);
#2291=ORIENTED_EDGE('',*,*,#2276,.T.);
#2292=EDGE_LOOP('',(#2288,#2289,#2290,#2291));
#2293=FACE_OUTER_BOUND('',#2292,.F.);
#2294=ADVANCED_FACE('',(#2293),#2287,.F.);
#2295=CARTESIAN_POINT('',(5.118110236220E-2,-2.460629921260E-2,
1.574803149606E-3));
#2296=DIRECTION('',(1.E0,0.E0,0.E0));
#2297=DIRECTION('',(0.E0,0.E0,-1.E0));
#2298=AXIS2_PLACEMENT_3D('',#2295,#2296,#2297);
#2299=PLANE('',#2298);
#2300=ORIENTED_EDGE('',*,*,#1150,.T.);
#2302=ORIENTED_EDGE('',*,*,#2301,.T.);
#2303=ORIENTED_EDGE('',*,*,#2063,.F.);
#2304=ORIENTED_EDGE('',*,*,#1340,.F.);
#2305=EDGE_LOOP('',(#2300,#2302,#2303,#2304));
#2306=FACE_OUTER_BOUND('',#2305,.F.);
#2307=ADVANCED_FACE('',(#2306),#2299,.F.);
#2308=CARTESIAN_POINT('',(6.496062992126E-2,0.E0,1.574803149606E-3));
#2309=DIRECTION('',(0.E0,0.E0,-1.E0));
#2310=DIRECTION('',(-1.E0,0.E0,0.E0));
#2311=AXIS2_PLACEMENT_3D('',#2308,#2309,#2310);
#2312=CYLINDRICAL_SURFACE('',#2311,2.350776159548E-2);
#2313=ORIENTED_EDGE('',*,*,#1148,.T.);
#2315=ORIENTED_EDGE('',*,*,#2314,.F.);
#2316=ORIENTED_EDGE('',*,*,#2065,.T.);
#2317=ORIENTED_EDGE('',*,*,#2301,.F.);
#2318=EDGE_LOOP('',(#2313,#2315,#2316,#2317));
#2319=FACE_OUTER_BOUND('',#2318,.F.);
#2320=ADVANCED_FACE('',(#2319),#2312,.T.);
#2321=CARTESIAN_POINT('',(4.724409448819E-2,-1.545118854582E-2,
1.574803149606E-3));
#2322=DIRECTION('',(0.E0,1.E0,0.E0));
#2323=DIRECTION('',(-1.E0,0.E0,0.E0));
#2324=AXIS2_PLACEMENT_3D('',#2321,#2322,#2323);
#2325=PLANE('',#2324);
#2326=ORIENTED_EDGE('',*,*,#1146,.T.);
#2327=ORIENTED_EDGE('',*,*,#1275,.F.);
#2328=ORIENTED_EDGE('',*,*,#2067,.F.);
#2329=ORIENTED_EDGE('',*,*,#2314,.T.);
#2330=EDGE_LOOP('',(#2326,#2327,#2328,#2329));
#2331=FACE_OUTER_BOUND('',#2330,.F.);
#2332=ADVANCED_FACE('',(#2331),#2325,.F.);
#2333=CARTESIAN_POINT('',(-4.527559055118E-2,-2.460629921260E-2,
7.874015748031E-4));
#2334=DIRECTION('',(1.E0,0.E0,0.E0));
#2335=DIRECTION('',(0.E0,0.E0,-1.E0));
#2336=AXIS2_PLACEMENT_3D('',#2333,#2334,#2335);
#2337=PLANE('',#2336);
#2338=ORIENTED_EDGE('',*,*,#1223,.T.);
#2340=ORIENTED_EDGE('',*,*,#2339,.T.);
#2342=ORIENTED_EDGE('',*,*,#2341,.F.);
#2343=ORIENTED_EDGE('',*,*,#1327,.F.);
#2344=EDGE_LOOP('',(#2338,#2340,#2342,#2343));
#2345=FACE_OUTER_BOUND('',#2344,.F.);
#2346=ADVANCED_FACE('',(#2345),#2337,.F.);
#2347=CARTESIAN_POINT('',(-4.527559055118E-2,-1.673228346457E-2,
7.874015748031E-4));
#2348=DIRECTION('',(0.E0,-1.E0,0.E0));
#2349=DIRECTION('',(0.E0,0.E0,-1.E0));
#2350=AXIS2_PLACEMENT_3D('',#2347,#2348,#2349);
#2351=PLANE('',#2350);
#2352=ORIENTED_EDGE('',*,*,#1221,.T.);
#2354=ORIENTED_EDGE('',*,*,#2353,.T.);
#2356=ORIENTED_EDGE('',*,*,#2355,.F.);
#2357=ORIENTED_EDGE('',*,*,#2339,.F.);
#2358=EDGE_LOOP('',(#2352,#2354,#2356,#2357));
#2359=FACE_OUTER_BOUND('',#2358,.F.);
#2360=ADVANCED_FACE('',(#2359),#2351,.F.);
#2361=CARTESIAN_POINT('',(-2.952755905512E-2,-2.460629921260E-2,
7.874015748031E-4));
#2362=DIRECTION('',(-1.E0,0.E0,0.E0));
#2363=DIRECTION('',(0.E0,0.E0,1.E0));
#2364=AXIS2_PLACEMENT_3D('',#2361,#2362,#2363);
#2365=PLANE('',#2364);
#2366=ORIENTED_EDGE('',*,*,#1219,.F.);
#2367=ORIENTED_EDGE('',*,*,#1331,.T.);
#2369=ORIENTED_EDGE('',*,*,#2368,.F.);
#2370=ORIENTED_EDGE('',*,*,#2353,.F.);
#2371=EDGE_LOOP('',(#2366,#2367,#2369,#2370));
#2372=FACE_OUTER_BOUND('',#2371,.F.);
#2373=ADVANCED_FACE('',(#2372),#2365,.F.);
#2374=CARTESIAN_POINT('',(0.E0,0.E0,7.874015748031E-4));
#2375=DIRECTION('',(0.E0,0.E0,1.E0));
#2376=DIRECTION('',(1.E0,0.E0,0.E0));
#2377=AXIS2_PLACEMENT_3D('',#2374,#2375,#2376);
#2378=PLANE('',#2377);
#2379=ORIENTED_EDGE('',*,*,#1329,.T.);
#2380=ORIENTED_EDGE('',*,*,#2341,.T.);
#2381=ORIENTED_EDGE('',*,*,#2355,.T.);
#2382=ORIENTED_EDGE('',*,*,#2368,.T.);
#2383=EDGE_LOOP('',(#2379,#2380,#2381,#2382));
#2384=FACE_OUTER_BOUND('',#2383,.F.);
#2385=ADVANCED_FACE('',(#2384),#2378,.T.);
#2387=DIRECTION('',(0.E0,0.E0,1.E0));
#2388=VECTOR('',#2387,3.937007874016E-4);
#2389=CARTESIAN_POINT('',(8.103256835037E-4,-9.842519685039E-4,
3.937007874016E-3));
#2390=LINE('',#2389,#2388);
#2391=DIRECTION('',(0.E0,0.E0,1.E0));
#2392=VECTOR('',#2391,3.937007874016E-4);
#2393=CARTESIAN_POINT('',(-1.748729434607E-3,-9.842519685039E-4,
3.937007874016E-3));
#2394=LINE('',#2393,#2392);
#2395=CARTESIAN_POINT('',(-4.692018755514E-4,-9.842519685039E-4,
4.330708661417E-3));
#2396=DIRECTION('',(0.E0,0.E0,1.E0));
#2397=DIRECTION('',(-1.E0,0.E0,0.E0));
#2398=AXIS2_PLACEMENT_3D('',#2395,#2396,#2397);
#2400=CARTESIAN_POINT('',(-4.692018755514E-4,-9.842519685039E-4,
4.330708661417E-3));
#2401=DIRECTION('',(0.E0,0.E0,1.E0));
#2402=DIRECTION('',(1.E0,0.E0,0.E0));
#2403=AXIS2_PLACEMENT_3D('',#2400,#2401,#2402);
#2405=CARTESIAN_POINT('',(-4.692018755514E-4,-9.842519685039E-4,
3.937007874016E-3));
#2406=DIRECTION('',(0.E0,0.E0,-1.E0));
#2407=DIRECTION('',(1.E0,0.E0,0.E0));
#2408=AXIS2_PLACEMENT_3D('',#2405,#2406,#2407);
#2410=CARTESIAN_POINT('',(-4.692018755514E-4,-9.842519685039E-4,
3.937007874016E-3));
#2411=DIRECTION('',(0.E0,0.E0,-1.E0));
#2412=DIRECTION('',(-1.E0,0.E0,0.E0));
#2413=AXIS2_PLACEMENT_3D('',#2410,#2411,#2412);
#2415=DIRECTION('',(-1.E0,0.E0,0.E0));
#2416=VECTOR('',#2415,1.574803149606E-3);
#2417=CARTESIAN_POINT('',(-7.752666442481E-3,-7.874015748031E-5,
3.937007874016E-3));
#2418=LINE('',#2417,#2416);
#2419=DIRECTION('',(0.E0,1.E0,0.E0));
#2420=VECTOR('',#2419,2.952755905512E-3);
#2421=CARTESIAN_POINT('',(-9.327469592087E-3,-7.874015748031E-5,
3.937007874016E-3));
#2422=LINE('',#2421,#2420);
#2423=DIRECTION('',(1.E0,0.E0,0.E0));
#2424=VECTOR('',#2423,2.952755905512E-3);
#2425=CARTESIAN_POINT('',(-9.327469592087E-3,2.874015748032E-3,
3.937007874016E-3));
#2426=LINE('',#2425,#2424);
#2427=DIRECTION('',(0.E0,-1.E0,0.E0));
#2428=VECTOR('',#2427,1.574803149606E-3);
#2429=CARTESIAN_POINT('',(-6.374713686575E-3,2.874015748032E-3,
3.937007874016E-3));
#2430=LINE('',#2429,#2428);
#2431=CARTESIAN_POINT('',(-7.752666442481E-3,1.299212598425E-3,
3.937007874016E-3));
#2432=DIRECTION('',(0.E0,0.E0,-1.E0));
#2433=DIRECTION('',(1.E0,0.E0,0.E0));
#2434=AXIS2_PLACEMENT_3D('',#2431,#2432,#2433);
#2436=DIRECTION('',(-1.E0,0.E0,0.E0));
#2437=VECTOR('',#2436,1.574803149606E-3);
#2438=CARTESIAN_POINT('',(-7.752666442481E-3,-7.874015748031E-5,
4.330708661417E-3));
#2439=LINE('',#2438,#2437);
#2440=DIRECTION('',(0.E0,0.E0,1.E0));
#2441=VECTOR('',#2440,3.937007874016E-4);
#2442=CARTESIAN_POINT('',(-6.374713686575E-3,1.299212598425E-3,
3.937007874016E-3));
#2443=LINE('',#2442,#2441);
#2444=DIRECTION('',(0.E0,0.E0,-1.E0));
#2445=VECTOR('',#2444,3.937007874016E-4);
#2446=CARTESIAN_POINT('',(-7.752666442481E-3,-7.874015748031E-5,
4.330708661417E-3));
#2447=LINE('',#2446,#2445);
#2448=DIRECTION('',(0.E0,0.E0,1.E0));
#2449=VECTOR('',#2448,3.937007874016E-4);
#2450=CARTESIAN_POINT('',(-6.374713686575E-3,2.874015748032E-3,
3.937007874016E-3));
#2451=LINE('',#2450,#2449);
#2452=DIRECTION('',(0.E0,-1.E0,0.E0));
#2453=VECTOR('',#2452,1.574803149606E-3);
#2454=CARTESIAN_POINT('',(-6.374713686575E-3,2.874015748032E-3,
4.330708661417E-3));
#2455=LINE('',#2454,#2453);
#2456=DIRECTION('',(0.E0,0.E0,1.E0));
#2457=VECTOR('',#2456,3.937007874016E-4);
#2458=CARTESIAN_POINT('',(-9.327469592087E-3,2.874015748032E-3,
3.937007874016E-3));
#2459=LINE('',#2458,#2457);
#2460=DIRECTION('',(1.E0,0.E0,0.E0));
#2461=VECTOR('',#2460,2.952755905512E-3);
#2462=CARTESIAN_POINT('',(-9.327469592087E-3,2.874015748032E-3,
4.330708661417E-3));
#2463=LINE('',#2462,#2461);
#2464=DIRECTION('',(0.E0,0.E0,1.E0));
#2465=VECTOR('',#2464,3.937007874016E-4);
#2466=CARTESIAN_POINT('',(-9.327469592087E-3,-7.874015748031E-5,
3.937007874016E-3));
#2467=LINE('',#2466,#2465);
#2468=DIRECTION('',(0.E0,1.E0,0.E0));
#2469=VECTOR('',#2468,2.952755905512E-3);
#2470=CARTESIAN_POINT('',(-9.327469592087E-3,-7.874015748031E-5,
4.330708661417E-3));
#2471=LINE('',#2470,#2469);
#2472=CARTESIAN_POINT('',(-7.752666442481E-3,1.299212598425E-3,
4.330708661417E-3));
#2473=DIRECTION('',(0.E0,0.E0,1.E0));
#2474=DIRECTION('',(0.E0,-1.E0,0.E0));
#2475=AXIS2_PLACEMENT_3D('',#2472,#2473,#2474);
#2477=DIRECTION('',(0.E0,1.E0,0.E0));
#2478=VECTOR('',#2477,7.007874015748E-3);
#2479=CARTESIAN_POINT('',(-9.721170379488E-3,-3.740157480315E-3,
3.937007874016E-3));
#2480=LINE('',#2479,#2478);
#2481=DIRECTION('',(0.E0,0.E0,1.E0));
#2482=VECTOR('',#2481,2.362204724409E-3);
#2483=CARTESIAN_POINT('',(-9.721170379488E-3,3.267716535433E-3,
3.937007874016E-3));
#2484=LINE('',#2483,#2482);
#2485=DIRECTION('',(1.E0,0.E0,0.E0));
#2486=VECTOR('',#2485,1.200787401575E-2);
#2487=CARTESIAN_POINT('',(-9.721170379488E-3,3.267716535433E-3,
3.937007874016E-3));
#2488=LINE('',#2487,#2486);
#2489=DIRECTION('',(0.E0,0.E0,1.E0));
#2490=VECTOR('',#2489,2.362204724409E-3);
#2491=CARTESIAN_POINT('',(2.286703636260E-3,3.267716535433E-3,
3.937007874016E-3));
#2492=LINE('',#2491,#2490);
#2493=DIRECTION('',(0.E0,1.E0,0.E0));
#2494=VECTOR('',#2493,7.007874015748E-3);
#2495=CARTESIAN_POINT('',(2.286703636260E-3,-3.740157480315E-3,
3.937007874016E-3));
#2496=LINE('',#2495,#2494);
#2497=DIRECTION('',(0.E0,0.E0,1.E0));
#2498=VECTOR('',#2497,2.362204724409E-3);
#2499=CARTESIAN_POINT('',(2.286703636260E-3,-3.740157480315E-3,
3.937007874016E-3));
#2500=LINE('',#2499,#2498);
#2501=DIRECTION('',(1.E0,0.E0,0.E0));
#2502=VECTOR('',#2501,1.200787401575E-2);
#2503=CARTESIAN_POINT('',(-9.721170379488E-3,-3.740157480315E-3,
3.937007874016E-3));
#2504=LINE('',#2503,#2502);
#2505=DIRECTION('',(0.E0,0.E0,1.E0));
#2506=VECTOR('',#2505,2.362204724409E-3);
#2507=CARTESIAN_POINT('',(-9.721170379488E-3,-3.740157480315E-3,
3.937007874016E-3));
#2508=LINE('',#2507,#2506);
#2509=DIRECTION('',(0.E0,1.E0,0.E0));
#2510=VECTOR('',#2509,7.007874015748E-3);
#2511=CARTESIAN_POINT('',(-9.721170379488E-3,-3.740157480315E-3,
6.299212598425E-3));
#2512=LINE('',#2511,#2510);
#2513=DIRECTION('',(1.E0,0.E0,0.E0));
#2514=VECTOR('',#2513,1.200787401575E-2);
#2515=CARTESIAN_POINT('',(-9.721170379488E-3,3.267716535433E-3,
6.299212598425E-3));
#2516=LINE('',#2515,#2514);
#2517=DIRECTION('',(0.E0,-1.E0,0.E0));
#2518=VECTOR('',#2517,7.007874015748E-3);
#2519=CARTESIAN_POINT('',(2.286703636260E-3,3.267716535433E-3,
6.299212598425E-3));
#2520=LINE('',#2519,#2518);
#2521=DIRECTION('',(-1.E0,0.E0,0.E0));
#2522=VECTOR('',#2521,1.200787401575E-2);
#2523=CARTESIAN_POINT('',(2.286703636260E-3,-3.740157480315E-3,
6.299212598425E-3));
#2524=LINE('',#2523,#2522);
#2525=CARTESIAN_POINT('',(-8.151897671910E-5,-1.100200085088E-3,
6.299212653571E-3));
#2526=CARTESIAN_POINT('',(-8.047347502123E-5,-1.134119672698E-3,
6.299212653571E-3));
#2527=CARTESIAN_POINT('',(-9.271793749838E-5,-1.194107539580E-3,
6.299212572961E-3));
#2528=CARTESIAN_POINT('',(-1.677458936129E-4,-1.276521163025E-3,
6.299212604830E-3));
#2529=CARTESIAN_POINT('',(-2.774696812487E-4,-1.304142726793E-3,
6.299212598271E-3));
#2530=CARTESIAN_POINT('',(-3.877369886461E-4,-1.275520765440E-3,
6.299212592636E-3));
#2531=CARTESIAN_POINT('',(-4.721634620150E-4,-1.193159641213E-3,
6.299212621735E-3));
#2532=CARTESIAN_POINT('',(-4.930855592591E-4,-1.126861723085E-3,
6.299212547894E-3));
#2533=CARTESIAN_POINT('',(-4.940994704392E-4,-1.088743099875E-3,
6.299212547894E-3));
#2535=CARTESIAN_POINT('',(-4.940994704392E-4,-1.088743099875E-3,
6.299212547894E-3));
#2536=CARTESIAN_POINT('',(-4.949161592441E-4,-1.058067399946E-3,
6.299212547894E-3));
#2537=CARTESIAN_POINT('',(-4.824230516692E-4,-1.002818218900E-3,
6.299212621915E-3));
#2538=CARTESIAN_POINT('',(-4.370438666718E-4,-9.393719447434E-4,
6.299212592009E-3));
#2539=CARTESIAN_POINT('',(-3.506266989034E-4,-8.923754861130E-4,
6.299212600602E-3));
#2540=CARTESIAN_POINT('',(-2.541130218866E-4,-8.914569672782E-4,
6.299212596136E-3));
#2541=CARTESIAN_POINT('',(-1.608667355242E-4,-9.344975133244E-4,
6.299212605404E-3));
#2542=CARTESIAN_POINT('',(-9.908615743701E-5,-1.008606272870E-3,
6.299212572797E-3));
#2543=CARTESIAN_POINT('',(-8.252866057330E-5,-1.067432152956E-3,
6.299212653571E-3));
#2544=CARTESIAN_POINT('',(-8.151897671910E-5,-1.100200085088E-3,
6.299212653571E-3));
#2546=CARTESIAN_POINT('',(-8.136925260421E-3,1.467993048411E-3,
6.299212598442E-3));
#2547=CARTESIAN_POINT('',(-8.137273358758E-3,1.430257776284E-3,
6.299212598442E-3));
#2548=CARTESIAN_POINT('',(-8.118799039925E-3,1.365395923241E-3,
6.299212598417E-3));
#2549=CARTESIAN_POINT('',(-8.043661613961E-3,1.290315364848E-3,
6.299212598427E-3));
#2550=CARTESIAN_POINT('',(-7.944598793073E-3,1.265720721668E-3,
6.299212598425E-3));
#2551=CARTESIAN_POINT('',(-7.844289416383E-3,1.291224573157E-3,
6.299212598425E-3));
#2552=CARTESIAN_POINT('',(-7.766974110192E-3,1.368346015688E-3,
6.299212598425E-3));
#2553=CARTESIAN_POINT('',(-7.747598968895E-3,1.433455044355E-3,
6.299212598425E-3));
#2554=CARTESIAN_POINT('',(-7.747319671322E-3,1.471230925747E-3,
6.299212598425E-3));
#2556=CARTESIAN_POINT('',(-8.136925260421E-3,1.467993048411E-3,
6.299212598442E-3));
#2557=CARTESIAN_POINT('',(-8.084335154050E-3,1.426412300446E-3,
5.945522305488E-3));
#2558=CARTESIAN_POINT('',(-8.054218358891E-3,1.402600217710E-3,
5.551694429801E-3));
#2559=CARTESIAN_POINT('',(-8.047942033032E-3,1.397637795276E-3,
5.118110236249E-3));
#2561=CARTESIAN_POINT('',(-7.747319671322E-3,1.471230925747E-3,
6.299212598425E-3));
#2562=CARTESIAN_POINT('',(-7.747040345921E-3,1.509010570952E-3,
6.299212598425E-3));
#2563=CARTESIAN_POINT('',(-7.765621991527E-3,1.573925525494E-3,
6.299212598425E-3));
#2564=CARTESIAN_POINT('',(-7.840753558656E-3,1.649042311402E-3,
6.299212598425E-3));
#2565=CARTESIAN_POINT('',(-7.939467235571E-3,1.673549545556E-3,
6.299212598425E-3));
#2566=CARTESIAN_POINT('',(-8.039553215932E-3,1.648092932001E-3,
6.299212598427E-3));
#2567=CARTESIAN_POINT('',(-8.117068454214E-3,1.570869611578E-3,
6.299212598417E-3));
#2568=CARTESIAN_POINT('',(-8.136576801626E-3,1.505767395737E-3,
6.299212598442E-3));
#2569=CARTESIAN_POINT('',(-8.136925260422E-3,1.467993048411E-3,
6.299212598442E-3));
#2571=CARTESIAN_POINT('',(-7.747319671322E-3,1.471230925747E-3,
6.299212598425E-3));
#2572=CARTESIAN_POINT('',(-7.691928185364E-3,1.427435246750E-3,
5.942992663564E-3));
#2573=CARTESIAN_POINT('',(-7.660262429521E-3,1.402398487867E-3,
5.549171693782E-3));
#2574=CARTESIAN_POINT('',(-7.654241245631E-3,1.397637795276E-3,
5.118110236250E-3));
#2576=CARTESIAN_POINT('',(-7.851091639331E-3,1.397637795276E-3,
5.118110236220E-3));
#2577=DIRECTION('',(0.E0,0.E0,1.E0));
#2578=DIRECTION('',(-1.E0,0.E0,0.E0));
#2579=AXIS2_PLACEMENT_3D('',#2576,#2577,#2578);
#2581=CARTESIAN_POINT('',(-7.851091639331E-3,1.397637795276E-3,
5.118110236220E-3));
#2582=DIRECTION('',(0.E0,0.E0,1.E0));
#2583=DIRECTION('',(1.E0,0.E0,0.E0));
#2584=AXIS2_PLACEMENT_3D('',#2581,#2582,#2583);
#2586=CARTESIAN_POINT('',(-7.654241245631E-3,1.397637795276E-3,
5.118110236250E-3));
#2587=CARTESIAN_POINT('',(-7.654241245631E-3,1.380003629019E-3,
5.118110236250E-3));
#2588=CARTESIAN_POINT('',(-7.658204516141E-3,1.344735296506E-3,
5.118110236272E-3));
#2589=CARTESIAN_POINT('',(-7.687613893334E-3,1.278539128940E-3,
5.118110236263E-3));
#2590=CARTESIAN_POINT('',(-7.753007856748E-3,1.218273542066E-3,
5.118110236265E-3));
#2591=CARTESIAN_POINT('',(-7.851091639332E-3,1.192044331330E-3,
5.118110236264E-3));
#2592=CARTESIAN_POINT('',(-7.949175421915E-3,1.218273542066E-3,
5.118110236265E-3));
#2593=CARTESIAN_POINT('',(-8.014569385329E-3,1.278539128941E-3,
5.118110236262E-3));
#2594=CARTESIAN_POINT('',(-8.043978762522E-3,1.344735296505E-3,
5.118110236270E-3));
#2595=CARTESIAN_POINT('',(-8.047942033032E-3,1.380003629019E-3,
5.118110236249E-3));
#2596=CARTESIAN_POINT('',(-8.047942033032E-3,1.397637795276E-3,
5.118110236249E-3));
#2598=CARTESIAN_POINT('',(-8.047942033032E-3,1.397637795276E-3,
5.118110236249E-3));
#2599=CARTESIAN_POINT('',(-8.047942033032E-3,1.415271961533E-3,
5.118110236249E-3));
#2600=CARTESIAN_POINT('',(-8.043978762523E-3,1.450540294046E-3,
5.118110236269E-3));
#2601=CARTESIAN_POINT('',(-8.014569385329E-3,1.516736461612E-3,
5.118110236261E-3));
#2602=CARTESIAN_POINT('',(-7.949175421915E-3,1.577002048486E-3,
5.118110236263E-3));
#2603=CARTESIAN_POINT('',(-7.851091639332E-3,1.603231259222E-3,
5.118110236263E-3));
#2604=CARTESIAN_POINT('',(-7.753007856748E-3,1.577002048486E-3,
5.118110236264E-3));
#2605=CARTESIAN_POINT('',(-7.687613893334E-3,1.516736461612E-3,
5.118110236262E-3));
#2606=CARTESIAN_POINT('',(-7.658204516141E-3,1.450540294047E-3,
5.118110236271E-3));
#2607=CARTESIAN_POINT('',(-7.654241245631E-3,1.415271961533E-3,
5.118110236250E-3));
#2608=CARTESIAN_POINT('',(-7.654241245631E-3,1.397637795276E-3,
5.118110236250E-3));
#2610=DIRECTION('',(0.E0,0.E0,1.E0));
#2611=VECTOR('',#2610,3.937007874016E-4);
#2612=CARTESIAN_POINT('',(-7.260540458229E-3,1.397637795276E-3,
4.724409448819E-3));
#2613=LINE('',#2612,#2611);
#2614=DIRECTION('',(0.E0,0.E0,1.E0));
#2615=VECTOR('',#2614,3.937007874016E-4);
#2616=CARTESIAN_POINT('',(-8.441642820433E-3,1.397637795276E-3,
4.724409448819E-3));
#2617=LINE('',#2616,#2615);
#2618=CARTESIAN_POINT('',(-7.851091639331E-3,1.397637795276E-3,
4.724409448819E-3));
#2619=DIRECTION('',(0.E0,0.E0,-1.E0));
#2620=DIRECTION('',(1.E0,0.E0,0.E0));
#2621=AXIS2_PLACEMENT_3D('',#2618,#2619,#2620);
#2623=CARTESIAN_POINT('',(-7.851091639331E-3,1.397637795276E-3,
4.724409448819E-3));
#2624=DIRECTION('',(0.E0,0.E0,-1.E0));
#2625=DIRECTION('',(-1.E0,0.E0,0.E0));
#2626=AXIS2_PLACEMENT_3D('',#2623,#2624,#2625);
#2628=CARTESIAN_POINT('',(-4.940994704392E-4,-1.088743099875E-3,
6.299212547894E-3));
#2629=CARTESIAN_POINT('',(-5.081096701180E-4,-1.080229284868E-3,
6.244918916722E-3));
#2630=CARTESIAN_POINT('',(-6.206351825702E-4,-1.011866346644E-3,
5.781932309544E-3));
#2631=CARTESIAN_POINT('',(-6.660481057725E-4,-9.842544847559E-4,
5.368369156421E-3));
#2632=CARTESIAN_POINT('',(-6.660522696054E-4,-9.842519544492E-4,
5.118110236220E-3));
#2634=CARTESIAN_POINT('',(-2.723514820988E-4,-9.842461313434E-4,
5.118110236220E-3));
#2635=CARTESIAN_POINT('',(-2.724071233796E-4,-9.842123188652E-4,
5.325410978488E-3));
#2636=CARTESIAN_POINT('',(-2.276490715E-4,-1.011399533510E-3,
5.730425542522E-3));
#2637=CARTESIAN_POINT('',(-1.092489725792E-4,-1.083348929480E-3,
6.200751706009E-3));
#2638=CARTESIAN_POINT('',(-8.151897671910E-5,-1.100200085088E-3,
6.299212653571E-3));
#2640=CARTESIAN_POINT('',(-4.692018755514E-4,-9.842519685039E-4,
5.118110236220E-3));
#2641=DIRECTION('',(0.E0,0.E0,1.E0));
#2642=DIRECTION('',(-1.E0,0.E0,0.E0));
#2643=AXIS2_PLACEMENT_3D('',#2640,#2641,#2642);
#2645=CARTESIAN_POINT('',(-4.692018755514E-4,-9.842519685039E-4,
5.118110236220E-3));
#2646=DIRECTION('',(0.E0,0.E0,1.E0));
#2647=DIRECTION('',(1.E0,0.E0,0.E0));
#2648=AXIS2_PLACEMENT_3D('',#2645,#2646,#2647);
#2650=CARTESIAN_POINT('',(-2.723514820988E-4,-9.842461313434E-4,
5.118110236220E-3));
#2651=CARTESIAN_POINT('',(-2.723485633642E-4,-1.017058907746E-3,
5.118110236220E-3));
#2652=CARTESIAN_POINT('',(-2.839512121842E-4,-1.082570515034E-3,
5.118110236220E-3));
#2653=CARTESIAN_POINT('',(-3.710919906389E-4,-1.163732359099E-3,
5.118110236220E-3));
#2654=CARTESIAN_POINT('',(-4.691849576755E-4,-1.189812374399E-3,
5.118110236220E-3));
#2655=CARTESIAN_POINT('',(-5.672743762120E-4,-1.163632311860E-3,
5.118110236220E-3));
#2656=CARTESIAN_POINT('',(-6.326762328569E-4,-1.103354227939E-3,
5.118110236220E-3));
#2657=CARTESIAN_POINT('',(-6.620886212290E-4,-1.037157622423E-3,
5.118110236220E-3));
#2658=CARTESIAN_POINT('',(-6.660522714859E-4,-1.001887135092E-3,
5.118110236220E-3));
#2659=CARTESIAN_POINT('',(-6.660522696054E-4,-9.842519544492E-4,
5.118110236220E-3));
#2661=CARTESIAN_POINT('',(-6.660522696054E-4,-9.842519544492E-4,
5.118110236220E-3));
#2662=CARTESIAN_POINT('',(-6.660530839026E-4,-9.514307381839E-4,
5.118110236220E-3));
#2663=CARTESIAN_POINT('',(-6.544544883855E-4,-8.859790527991E-4,
5.118110236220E-3));
#2664=CARTESIAN_POINT('',(-5.673761214061E-4,-8.047955191524E-4,
5.118110236220E-3));
#2665=CARTESIAN_POINT('',(-4.692757698595E-4,-7.787215692653E-4,
5.118110236220E-3));
#2666=CARTESIAN_POINT('',(-3.711469398680E-4,-8.047277254741E-4,
5.118110236220E-3));
#2667=CARTESIAN_POINT('',(-2.839642282640E-4,-8.859016302624E-4,
5.118110236220E-3));
#2668=CARTESIAN_POINT('',(-2.723513363323E-4,-9.514285567172E-4,
5.118110236220E-3));
#2669=CARTESIAN_POINT('',(-2.723514820988E-4,-9.842461313434E-4,
5.118110236220E-3));
#2671=DIRECTION('',(0.E0,0.E0,1.E0));
#2672=VECTOR('',#2671,3.937007874016E-4);
#2673=CARTESIAN_POINT('',(1.213493055509E-4,-9.842519685039E-4,
4.724409448819E-3));
#2674=LINE('',#2673,#2672);
#2675=DIRECTION('',(0.E0,0.E0,1.E0));
#2676=VECTOR('',#2675,3.937007874016E-4);
#2677=CARTESIAN_POINT('',(-1.059753056654E-3,-9.842519685039E-4,
4.724409448819E-3));
#2678=LINE('',#2677,#2676);
#2679=CARTESIAN_POINT('',(-4.692018755514E-4,-9.842519685039E-4,
4.724409448819E-3));
#2680=DIRECTION('',(0.E0,0.E0,-1.E0));
#2681=DIRECTION('',(1.E0,0.E0,0.E0));
#2682=AXIS2_PLACEMENT_3D('',#2679,#2680,#2681);
#2684=CARTESIAN_POINT('',(-4.692018755514E-4,-9.842519685039E-4,
4.724409448819E-3));
#2685=DIRECTION('',(0.E0,0.E0,-1.E0));
#2686=DIRECTION('',(-1.E0,0.E0,0.E0));
#2687=AXIS2_PLACEMENT_3D('',#2684,#2685,#2686);
#2689=CARTESIAN_POINT('',(-7.260540458229E-3,1.397637795276E-3,
5.118110236220E-3));
#2690=CARTESIAN_POINT('',(-8.441642820433E-3,1.397637795276E-3,
5.118110236220E-3));
#2691=VERTEX_POINT('',#2689);
#2692=VERTEX_POINT('',#2690);
#2693=CARTESIAN_POINT('',(-7.260540458229E-3,1.397637795276E-3,
4.724409448819E-3));
#2694=VERTEX_POINT('',#2693);
#2695=VERTEX_POINT('',#2586);
#2696=VERTEX_POINT('',#2596);
#2697=CARTESIAN_POINT('',(-8.441642820433E-3,1.397637795276E-3,
4.724409448819E-3));
#2698=VERTEX_POINT('',#2697);
#2699=CARTESIAN_POINT('',(2.286703636260E-3,3.267716535433E-3,
6.299212598425E-3));
#2700=CARTESIAN_POINT('',(2.286703636260E-3,-3.740157480315E-3,
6.299212598425E-3));
#2701=VERTEX_POINT('',#2699);
#2702=VERTEX_POINT('',#2700);
#2703=CARTESIAN_POINT('',(-9.721170379488E-3,-3.740157480315E-3,
6.299212598425E-3));
#2704=CARTESIAN_POINT('',(-9.721170379488E-3,3.267716535433E-3,
6.299212598425E-3));
#2705=VERTEX_POINT('',#2703);
#2706=VERTEX_POINT('',#2704);
#2707=CARTESIAN_POINT('',(-7.752666442481E-3,-7.874015748031E-5,
4.330708661417E-3));
#2708=CARTESIAN_POINT('',(-6.374713686575E-3,1.299212598425E-3,
4.330708661417E-3));
#2709=VERTEX_POINT('',#2707);
#2710=VERTEX_POINT('',#2708);
#2711=CARTESIAN_POINT('',(-6.374713686575E-3,2.874015748032E-3,
4.330708661417E-3));
#2712=VERTEX_POINT('',#2711);
#2713=CARTESIAN_POINT('',(-9.327469592087E-3,2.874015748032E-3,
4.330708661417E-3));
#2714=VERTEX_POINT('',#2713);
#2715=CARTESIAN_POINT('',(-9.327469592087E-3,-7.874015748031E-5,
3.937007874016E-3));
#2716=CARTESIAN_POINT('',(-9.327469592087E-3,-7.874015748031E-5,
4.330708661417E-3));
#2717=VERTEX_POINT('',#2715);
#2718=VERTEX_POINT('',#2716);
#2719=CARTESIAN_POINT('',(-1.748729434607E-3,-9.842519685039E-4,
3.937007874016E-3));
#2720=CARTESIAN_POINT('',(-1.748729434607E-3,-9.842519685039E-4,
4.330708661417E-3));
#2721=VERTEX_POINT('',#2719);
#2722=VERTEX_POINT('',#2720);
#2723=CARTESIAN_POINT('',(-7.752666442481E-3,-7.874015748031E-5,
3.937007874016E-3));
#2724=VERTEX_POINT('',#2723);
#2725=CARTESIAN_POINT('',(-6.374713686575E-3,2.874015748032E-3,
3.937007874016E-3));
#2726=CARTESIAN_POINT('',(-6.374713686575E-3,1.299212598425E-3,
3.937007874016E-3));
#2727=VERTEX_POINT('',#2725);
#2728=VERTEX_POINT('',#2726);
#2729=CARTESIAN_POINT('',(-9.327469592087E-3,2.874015748032E-3,
3.937007874016E-3));
#2730=VERTEX_POINT('',#2729);
#2731=CARTESIAN_POINT('',(8.103256835037E-4,-9.842519685039E-4,
3.937007874016E-3));
#2732=VERTEX_POINT('',#2731);
#2733=CARTESIAN_POINT('',(8.103256835037E-4,-9.842519685039E-4,
4.330708661417E-3));
#2734=VERTEX_POINT('',#2733);
#2735=VERTEX_POINT('',#2661);
#2736=VERTEX_POINT('',#2669);
#2737=CARTESIAN_POINT('',(-1.059753056654E-3,-9.842519685039E-4,
4.724409448819E-3));
#2738=CARTESIAN_POINT('',(1.213493055509E-4,-9.842519685039E-4,
4.724409448819E-3));
#2739=VERTEX_POINT('',#2737);
#2740=VERTEX_POINT('',#2738);
#2741=CARTESIAN_POINT('',(1.213493055509E-4,-9.842519685039E-4,
5.118110236220E-3));
#2742=CARTESIAN_POINT('',(-1.059753056654E-3,-9.842519685039E-4,
5.118110236220E-3));
#2743=VERTEX_POINT('',#2741);
#2744=VERTEX_POINT('',#2742);
#2745=VERTEX_POINT('',#2546);
#2746=VERTEX_POINT('',#2554);
#2747=CARTESIAN_POINT('',(-9.721170379488E-3,-3.740157480315E-3,
3.937007874016E-3));
#2748=CARTESIAN_POINT('',(-9.721170379488E-3,3.267716535433E-3,
3.937007874016E-3));
#2749=VERTEX_POINT('',#2747);
#2750=VERTEX_POINT('',#2748);
#2751=CARTESIAN_POINT('',(2.286703636260E-3,-3.740157480315E-3,
3.937007874016E-3));
#2752=CARTESIAN_POINT('',(2.286703636260E-3,3.267716535433E-3,
3.937007874016E-3));
#2753=VERTEX_POINT('',#2751);
#2754=VERTEX_POINT('',#2752);
#2755=VERTEX_POINT('',#2525);
#2756=VERTEX_POINT('',#2533);
#2757=CARTESIAN_POINT('',(-4.692018755514E-4,-9.842519685039E-4,
4.330708661417E-3));
#2758=DIRECTION('',(0.E0,0.E0,-1.E0));
#2759=DIRECTION('',(-1.E0,0.E0,0.E0));
#2760=AXIS2_PLACEMENT_3D('',#2757,#2758,#2759);
#2761=CYLINDRICAL_SURFACE('',#2760,1.279527559055E-3);
#2763=ORIENTED_EDGE('',*,*,#2762,.T.);
#2765=ORIENTED_EDGE('',*,*,#2764,.F.);
#2767=ORIENTED_EDGE('',*,*,#2766,.F.);
#2769=ORIENTED_EDGE('',*,*,#2768,.F.);
#2770=EDGE_LOOP('',(#2763,#2765,#2767,#2769));
#2771=FACE_OUTER_BOUND('',#2770,.F.);
#2772=ADVANCED_FACE('',(#2771),#2761,.F.);
#2773=CARTESIAN_POINT('',(-4.692018755514E-4,-9.842519685039E-4,
4.330708661417E-3));
#2774=DIRECTION('',(0.E0,0.E0,-1.E0));
#2775=DIRECTION('',(-1.E0,0.E0,0.E0));
#2776=AXIS2_PLACEMENT_3D('',#2773,#2774,#2775);
#2777=CYLINDRICAL_SURFACE('',#2776,1.279527559055E-3);
#2779=ORIENTED_EDGE('',*,*,#2778,.F.);
#2780=ORIENTED_EDGE('',*,*,#2762,.F.);
#2782=ORIENTED_EDGE('',*,*,#2781,.F.);
#2783=ORIENTED_EDGE('',*,*,#2766,.T.);
#2784=EDGE_LOOP('',(#2779,#2780,#2782,#2783));
#2785=FACE_OUTER_BOUND('',#2784,.F.);
#2786=ADVANCED_FACE('',(#2785),#2777,.F.);
#2787=CARTESIAN_POINT('',(-4.692018755514E-4,-9.842519685039E-4,
4.330708661417E-3));
#2788=DIRECTION('',(0.E0,0.E0,1.E0));
#2789=DIRECTION('',(1.E0,0.E0,0.E0));
#2790=AXIS2_PLACEMENT_3D('',#2787,#2788,#2789);
#2791=PLANE('',#2790);
#2792=ORIENTED_EDGE('',*,*,#2764,.T.);
#2793=ORIENTED_EDGE('',*,*,#2778,.T.);
#2794=EDGE_LOOP('',(#2792,#2793));
#2795=FACE_OUTER_BOUND('',#2794,.F.);
#2796=ADVANCED_FACE('',(#2795),#2791,.F.);
#2797=CARTESIAN_POINT('',(0.E0,0.E0,3.937007874016E-3));
#2798=DIRECTION('',(0.E0,0.E0,1.E0));
#2799=DIRECTION('',(1.E0,0.E0,0.E0));
#2800=AXIS2_PLACEMENT_3D('',#2797,#2798,#2799);
#2801=PLANE('',#2800);
#2803=ORIENTED_EDGE('',*,*,#2802,.F.);
#2805=ORIENTED_EDGE('',*,*,#2804,.T.);
#2807=ORIENTED_EDGE('',*,*,#2806,.T.);
#2809=ORIENTED_EDGE('',*,*,#2808,.F.);
#2810=EDGE_LOOP('',(#2803,#2805,#2807,#2809));
#2811=FACE_OUTER_BOUND('',#2810,.F.);
#2813=ORIENTED_EDGE('',*,*,#2812,.T.);
#2815=ORIENTED_EDGE('',*,*,#2814,.T.);
#2817=ORIENTED_EDGE('',*,*,#2816,.T.);
#2819=ORIENTED_EDGE('',*,*,#2818,.T.);
#2821=ORIENTED_EDGE('',*,*,#2820,.T.);
#2822=EDGE_LOOP('',(#2813,#2815,#2817,#2819,#2821));
#2823=FACE_BOUND('',#2822,.F.);
#2824=ORIENTED_EDGE('',*,*,#2768,.T.);
#2825=ORIENTED_EDGE('',*,*,#2781,.T.);
#2826=EDGE_LOOP('',(#2824,#2825));
#2827=FACE_BOUND('',#2826,.F.);
#2828=ADVANCED_FACE('',(#2811,#2823,#2827),#2801,.F.);
#2829=CARTESIAN_POINT('',(-9.327469592087E-3,-7.874015748031E-5,
4.330708661417E-3));
#2830=DIRECTION('',(0.E0,1.E0,0.E0));
#2831=DIRECTION('',(0.E0,0.E0,1.E0));
#2832=AXIS2_PLACEMENT_3D('',#2829,#2830,#2831);
#2833=PLANE('',#2832);
#2834=ORIENTED_EDGE('',*,*,#2812,.F.);
#2836=ORIENTED_EDGE('',*,*,#2835,.F.);
#2838=ORIENTED_EDGE('',*,*,#2837,.T.);
#2840=ORIENTED_EDGE('',*,*,#2839,.F.);
#2841=EDGE_LOOP('',(#2834,#2836,#2838,#2840));
#2842=FACE_OUTER_BOUND('',#2841,.F.);
#2843=ADVANCED_FACE('',(#2842),#2833,.T.);
#2844=CARTESIAN_POINT('',(-7.752666442481E-3,1.299212598425E-3,
4.330708661417E-3));
#2845=DIRECTION('',(0.E0,0.E0,-1.E0));
#2846=DIRECTION('',(-1.E0,0.E0,0.E0));
#2847=AXIS2_PLACEMENT_3D('',#2844,#2845,#2846);
#2848=CYLINDRICAL_SURFACE('',#2847,1.377952755906E-3);
#2849=ORIENTED_EDGE('',*,*,#2820,.F.);
#2851=ORIENTED_EDGE('',*,*,#2850,.T.);
#2853=ORIENTED_EDGE('',*,*,#2852,.F.);
#2854=ORIENTED_EDGE('',*,*,#2835,.T.);
#2855=EDGE_LOOP('',(#2849,#2851,#2853,#2854));
#2856=FACE_OUTER_BOUND('',#2855,.F.);
#2857=ADVANCED_FACE('',(#2856),#2848,.F.);
#2858=CARTESIAN_POINT('',(-6.374713686575E-3,2.874015748032E-3,
4.330708661417E-3));
#2859=DIRECTION('',(-1.E0,0.E0,0.E0));
#2860=DIRECTION('',(0.E0,0.E0,1.E0));
#2861=AXIS2_PLACEMENT_3D('',#2858,#2859,#2860);
#2862=PLANE('',#2861);
#2863=ORIENTED_EDGE('',*,*,#2818,.F.);
#2865=ORIENTED_EDGE('',*,*,#2864,.T.);
#2867=ORIENTED_EDGE('',*,*,#2866,.T.);
#2868=ORIENTED_EDGE('',*,*,#2850,.F.);
#2869=EDGE_LOOP('',(#2863,#2865,#2867,#2868));
#2870=FACE_OUTER_BOUND('',#2869,.F.);
#2871=ADVANCED_FACE('',(#2870),#2862,.T.);
#2872=CARTESIAN_POINT('',(-9.327469592087E-3,2.874015748032E-3,
4.330708661417E-3));
#2873=DIRECTION('',(0.E0,-1.E0,0.E0));
#2874=DIRECTION('',(0.E0,0.E0,-1.E0));
#2875=AXIS2_PLACEMENT_3D('',#2872,#2873,#2874);
#2876=PLANE('',#2875);
#2877=ORIENTED_EDGE('',*,*,#2816,.F.);
#2879=ORIENTED_EDGE('',*,*,#2878,.T.);
#2881=ORIENTED_EDGE('',*,*,#2880,.T.);
#2882=ORIENTED_EDGE('',*,*,#2864,.F.);
#2883=EDGE_LOOP('',(#2877,#2879,#2881,#2882));
#2884=FACE_OUTER_BOUND('',#2883,.F.);
#2885=ADVANCED_FACE('',(#2884),#2876,.T.);
#2886=CARTESIAN_POINT('',(-9.327469592087E-3,2.874015748032E-3,
4.330708661417E-3));
#2887=DIRECTION('',(1.E0,0.E0,0.E0));
#2888=DIRECTION('',(0.E0,0.E0,-1.E0));
#2889=AXIS2_PLACEMENT_3D('',#2886,#2887,#2888);
#2890=PLANE('',#2889);
#2891=ORIENTED_EDGE('',*,*,#2814,.F.);
#2892=ORIENTED_EDGE('',*,*,#2839,.T.);
#2894=ORIENTED_EDGE('',*,*,#2893,.T.);
#2895=ORIENTED_EDGE('',*,*,#2878,.F.);
#2896=EDGE_LOOP('',(#2891,#2892,#2894,#2895));
#2897=FACE_OUTER_BOUND('',#2896,.F.);
#2898=ADVANCED_FACE('',(#2897),#2890,.T.);
#2899=CARTESIAN_POINT('',(-7.752666442481E-3,1.299212598425E-3,
4.330708661417E-3));
#2900=DIRECTION('',(0.E0,0.E0,1.E0));
#2901=DIRECTION('',(1.E0,0.E0,0.E0));
#2902=AXIS2_PLACEMENT_3D('',#2899,#2900,#2901);
#2903=PLANE('',#2902);
#2904=ORIENTED_EDGE('',*,*,#2893,.F.);
#2905=ORIENTED_EDGE('',*,*,#2837,.F.);
#2906=ORIENTED_EDGE('',*,*,#2852,.T.);
#2907=ORIENTED_EDGE('',*,*,#2866,.F.);
#2908=ORIENTED_EDGE('',*,*,#2880,.F.);
#2909=EDGE_LOOP('',(#2904,#2905,#2906,#2907,#2908));
#2910=FACE_OUTER_BOUND('',#2909,.F.);
#2911=ADVANCED_FACE('',(#2910),#2903,.F.);
#2912=CARTESIAN_POINT('',(-9.721170379488E-3,3.267716535433E-3,
6.299212598425E-3));
#2913=DIRECTION('',(1.E0,0.E0,0.E0));
#2914=DIRECTION('',(0.E0,0.E0,-1.E0));
#2915=AXIS2_PLACEMENT_3D('',#2912,#2913,#2914);
#2916=PLANE('',#2915);
#2917=ORIENTED_EDGE('',*,*,#2802,.T.);
#2919=ORIENTED_EDGE('',*,*,#2918,.T.);
#2921=ORIENTED_EDGE('',*,*,#2920,.F.);
#2923=ORIENTED_EDGE('',*,*,#2922,.F.);
#2924=EDGE_LOOP('',(#2917,#2919,#2921,#2923));
#2925=FACE_OUTER_BOUND('',#2924,.F.);
#2926=ADVANCED_FACE('',(#2925),#2916,.F.);
#2927=CARTESIAN_POINT('',(-9.721170379488E-3,3.267716535433E-3,
6.299212598425E-3));
#2928=DIRECTION('',(0.E0,-1.E0,0.E0));
#2929=DIRECTION('',(0.E0,0.E0,-1.E0));
#2930=AXIS2_PLACEMENT_3D('',#2927,#2928,#2929);
#2931=PLANE('',#2930);
#2932=ORIENTED_EDGE('',*,*,#2808,.T.);
#2934=ORIENTED_EDGE('',*,*,#2933,.T.);
#2936=ORIENTED_EDGE('',*,*,#2935,.F.);
#2937=ORIENTED_EDGE('',*,*,#2918,.F.);
#2938=EDGE_LOOP('',(#2932,#2934,#2936,#2937));
#2939=FACE_OUTER_BOUND('',#2938,.F.);
#2940=ADVANCED_FACE('',(#2939),#2931,.F.);
#2941=CARTESIAN_POINT('',(2.286703636260E-3,3.267716535433E-3,
6.299212598425E-3));
#2942=DIRECTION('',(-1.E0,0.E0,0.E0));
#2943=DIRECTION('',(0.E0,0.E0,1.E0));
#2944=AXIS2_PLACEMENT_3D('',#2941,#2942,#2943);
#2945=PLANE('',#2944);
#2946=ORIENTED_EDGE('',*,*,#2806,.F.);
#2948=ORIENTED_EDGE('',*,*,#2947,.T.);
#2950=ORIENTED_EDGE('',*,*,#2949,.F.);
#2951=ORIENTED_EDGE('',*,*,#2933,.F.);
#2952=EDGE_LOOP('',(#2946,#2948,#2950,#2951));
#2953=FACE_OUTER_BOUND('',#2952,.F.);
#2954=ADVANCED_FACE('',(#2953),#2945,.F.);
#2955=CARTESIAN_POINT('',(-9.721170379488E-3,-3.740157480315E-3,
6.299212598425E-3));
#2956=DIRECTION('',(0.E0,1.E0,0.E0));
#2957=DIRECTION('',(0.E0,0.E0,1.E0));
#2958=AXIS2_PLACEMENT_3D('',#2955,#2956,#2957);
#2959=PLANE('',#2958);
#2960=ORIENTED_EDGE('',*,*,#2804,.F.);
#2961=ORIENTED_EDGE('',*,*,#2922,.T.);
#2963=ORIENTED_EDGE('',*,*,#2962,.F.);
#2964=ORIENTED_EDGE('',*,*,#2947,.F.);
#2965=EDGE_LOOP('',(#2960,#2961,#2963,#2964));
#2966=FACE_OUTER_BOUND('',#2965,.F.);
#2967=ADVANCED_FACE('',(#2966),#2959,.F.);
#2968=CARTESIAN_POINT('',(0.E0,0.E0,6.299212598425E-3));
#2969=DIRECTION('',(0.E0,0.E0,1.E0));
#2970=DIRECTION('',(1.E0,0.E0,0.E0));
#2971=AXIS2_PLACEMENT_3D('',#2968,#2969,#2970);
#2972=PLANE('',#2971);
#2973=ORIENTED_EDGE('',*,*,#2920,.T.);
#2974=ORIENTED_EDGE('',*,*,#2935,.T.);
#2975=ORIENTED_EDGE('',*,*,#2949,.T.);
#2976=ORIENTED_EDGE('',*,*,#2962,.T.);
#2977=EDGE_LOOP('',(#2973,#2974,#2975,#2976));
#2978=FACE_OUTER_BOUND('',#2977,.F.);
#2980=ORIENTED_EDGE('',*,*,#2979,.T.);
#2982=ORIENTED_EDGE('',*,*,#2981,.T.);
#2983=EDGE_LOOP('',(#2980,#2982));
#2984=FACE_BOUND('',#2983,.F.);
#2986=ORIENTED_EDGE('',*,*,#2985,.F.);
#2988=ORIENTED_EDGE('',*,*,#2987,.F.);
#2989=EDGE_LOOP('',(#2986,#2988));
#2990=FACE_BOUND('',#2989,.F.);
#2991=ADVANCED_FACE('',(#2978,#2984,#2990),#2972,.T.);
#2992=CARTESIAN_POINT('',(-7.967746049525E-3,1.554867283560E-3,
5.038329263537E-3));
#2993=CARTESIAN_POINT('',(-7.971530400175E-3,1.557859407772E-3,
5.523140425820E-3));
#2994=CARTESIAN_POINT('',(-8.004230407661E-3,1.583713905197E-3,
5.959064538325E-3));
#2995=CARTESIAN_POINT('',(-8.064102107573E-3,1.631051897759E-3,
6.345583910809E-3));
#2996=CARTESIAN_POINT('',(-7.983667768464E-3,1.542996166252E-3,
5.038377317175E-3));
#2997=CARTESIAN_POINT('',(-7.987461260558E-3,1.545995518214E-3,
5.522897302721E-3));
#2998=CARTESIAN_POINT('',(-8.020087124354E-3,1.571791393393E-3,
5.958544550185E-3));
#2999=CARTESIAN_POINT('',(-8.079819706358E-3,1.619019391376E-3,
6.344801982381E-3));
#3000=CARTESIAN_POINT('',(-8.016876336354E-3,1.508832766105E-3,
5.038422880496E-3));
#3001=CARTESIAN_POINT('',(-8.020678496149E-3,1.511838971246E-3,
5.522666779152E-3));
#3002=CARTESIAN_POINT('',(-8.053234058653E-3,1.537579262201E-3,
5.958051509736E-3));
#3003=CARTESIAN_POINT('',(-8.112834732350E-3,1.584702965926E-3,
6.344060576351E-3));
#3004=CARTESIAN_POINT('',(-8.043089761565E-3,1.449837399010E-3,
5.038272657596E-3));
#3005=CARTESIAN_POINT('',(-8.046863343831E-3,1.452821009121E-3,
5.523426818542E-3));
#3006=CARTESIAN_POINT('',(-8.079650690666E-3,1.478744562033E-3,
5.959677070904E-3));
#3007=CARTESIAN_POINT('',(-8.139686267875E-3,1.526212125366E-3,
6.346505002273E-3));
#3008=CARTESIAN_POINT('',(-8.049038814892E-3,1.396938179540E-3,
5.038008880504E-3));
#3009=CARTESIAN_POINT('',(-8.052762217742E-3,1.399882114933E-3,
5.524761375255E-3));
#3010=CARTESIAN_POINT('',(-8.085956555763E-3,1.426127458370E-3,
5.962531401346E-3));
#3011=CARTESIAN_POINT('',(-8.146755782080E-3,1.474198806392E-3,
6.350797181156E-3));
#3012=CARTESIAN_POINT('',(-8.043099430988E-3,1.344040046668E-3,
5.037657700629E-3));
#3013=CARTESIAN_POINT('',(-8.046756027426E-3,1.346931161088E-3,
5.526538138574E-3));
#3014=CARTESIAN_POINT('',(-8.080492213541E-3,1.373604920640E-3,
5.966331516830E-3));
#3015=CARTESIAN_POINT('',(-8.142308124806E-3,1.422480117970E-3,
6.356511577499E-3));
#3016=CARTESIAN_POINT('',(-8.013699502721E-3,1.277851349965E-3,
5.037056766780E-3));
#3017=CARTESIAN_POINT('',(-8.017241781007E-3,1.280652077912E-3,
5.529578509886E-3));
#3018=CARTESIAN_POINT('',(-8.051905169628E-3,1.308058936831E-3,
5.972834218669E-3));
#3019=CARTESIAN_POINT('',(-8.115460817254E-3,1.358309669298E-3,
6.366289968647E-3));
#3020=CARTESIAN_POINT('',(-7.948318605567E-3,1.217596094023E-3,
5.036225777441E-3));
#3021=CARTESIAN_POINT('',(-7.951702801285E-3,1.220271832844E-3,
5.533782826475E-3));
#3022=CARTESIAN_POINT('',(-7.987648353325E-3,1.248692443544E-3,
5.981826349698E-3));
#3023=CARTESIAN_POINT('',(-8.053609760542E-3,1.300845307231E-3,
6.379811821045E-3));
#3024=CARTESIAN_POINT('',(-7.850248557182E-3,1.191377742331E-3,
5.035352308409E-3));
#3025=CARTESIAN_POINT('',(-7.853466589243E-3,1.193922102655E-3,
5.538202065286E-3));
#3026=CARTESIAN_POINT('',(-7.890759848152E-3,1.223408287538E-3,
5.991278153242E-3));
#3027=CARTESIAN_POINT('',(-7.959249995992E-3,1.277560518288E-3,
6.394024902683E-3));
#3028=CARTESIAN_POINT('',(-7.752173714670E-3,1.217614021599E-3,
5.034783736806E-3));
#3029=CARTESIAN_POINT('',(-7.755283584984E-3,1.220072863055E-3,
5.541078702695E-3));
#3030=CARTESIAN_POINT('',(-7.793454113523E-3,1.250252667516E-3,
5.997430663396E-3));
#3031=CARTESIAN_POINT('',(-7.863590307251E-3,1.305706356353E-3,
6.403276695602E-3));
#3032=CARTESIAN_POINT('',(-7.686781802281E-3,1.277881230131E-3,
5.034653295520E-3));
#3033=CARTESIAN_POINT('',(-7.689866858205E-3,1.280320451910E-3,
5.541738658772E-3));
#3034=CARTESIAN_POINT('',(-7.728238649308E-3,1.310659386073E-3,
5.998842167833E-3));
#3035=CARTESIAN_POINT('',(-7.798752477696E-3,1.366411654485E-3,
6.405399235252E-3));
#3036=CARTESIAN_POINT('',(-7.657369774799E-3,1.344075302227E-3,
5.034821848848E-3));
#3037=CARTESIAN_POINT('',(-7.660486895326E-3,1.346539876116E-3,
5.540885878212E-3));
#3038=CARTESIAN_POINT('',(-7.698598619420E-3,1.376673186417E-3,
5.997018253203E-3));
#3039=CARTESIAN_POINT('',(-7.768624476703E-3,1.432039636946E-3,
6.402656536738E-3));
#3040=CARTESIAN_POINT('',(-7.651420721472E-3,1.396974521697E-3,
5.035085625940E-3));
#3041=CARTESIAN_POINT('',(-7.654588021415E-3,1.399478770304E-3,
5.539551321499E-3));
#3042=CARTESIAN_POINT('',(-7.692292754323E-3,1.429290290081E-3,
5.994163922761E-3));
#3043=CARTESIAN_POINT('',(-7.761554962498E-3,1.484052955919E-3,
6.398364357854E-3));
#3044=CARTESIAN_POINT('',(-7.657360105376E-3,1.449872654568E-3,
5.035436805815E-3));
#3045=CARTESIAN_POINT('',(-7.660594211731E-3,1.452429724149E-3,
5.537774558180E-3));
#3046=CARTESIAN_POINT('',(-7.697757096545E-3,1.481812827811E-3,
5.990363807277E-3));
#3047=CARTESIAN_POINT('',(-7.766002619772E-3,1.535771644341E-3,
6.392649961511E-3));
#3048=CARTESIAN_POINT('',(-7.683562743313E-3,1.508863222147E-3,
5.035972387124E-3));
#3049=CARTESIAN_POINT('',(-7.686898735534E-3,1.511500848524E-3,
5.535064832226E-3));
#3050=CARTESIAN_POINT('',(-7.723235252632E-3,1.540230578575E-3,
5.984568284909E-3));
#3051=CARTESIAN_POINT('',(-7.789930238675E-3,1.592963451667E-3,
6.383934986409E-3));
#3052=CARTESIAN_POINT('',(-7.716765055194E-3,1.543020544962E-3,
5.036415070926E-3));
#3053=CARTESIAN_POINT('',(-7.720185261001E-3,1.545724755420E-3,
5.532825112937E-3));
#3054=CARTESIAN_POINT('',(-7.755838745297E-3,1.573914440645E-3,
5.979778005945E-3));
#3055=CARTESIAN_POINT('',(-7.821252137520E-3,1.625634012314E-3,
6.376731638851E-3));
#3056=CARTESIAN_POINT('',(-7.732684592145E-3,1.554888747241E-3,
5.036601111479E-3));
#3057=CARTESIAN_POINT('',(-7.736140189223E-3,1.557620940063E-3,
5.531883857319E-3));
#3058=CARTESIAN_POINT('',(-7.771506624840E-3,1.585583668175E-3,
5.977764862151E-3));
#3059=CARTESIAN_POINT('',(-7.836381419485E-3,1.636877393773E-3,
6.373704388341E-3));
#3060=B_SPLINE_SURFACE_WITH_KNOTS('',3,3,((#2992,#2993,#2994,#2995),(#2996,
#2997,#2998,#2999),(#3000,#3001,#3002,#3003),(#3004,#3005,#3006,#3007),(#3008,
#3009,#3010,#3011),(#3012,#3013,#3014,#3015),(#3016,#3017,#3018,#3019),(#3020,
#3021,#3022,#3023),(#3024,#3025,#3026,#3027),(#3028,#3029,#3030,#3031),(#3032,
#3033,#3034,#3035),(#3036,#3037,#3038,#3039),(#3040,#3041,#3042,#3043),(#3044,
#3045,#3046,#3047),(#3048,#3049,#3050,#3051),(#3052,#3053,#3054,#3055),(#3056,
#3057,#3058,#3059)),.UNSPECIFIED.,.F.,.F.,.F.,(4,1,1,1,1,1,1,1,1,1,1,1,1,1,4),
(4,4),(3.328909072954E-1,3.75E-1,4.375E-1,5.E-1,5.625E-1,6.25E-1,6.875E-1,
7.5E-1,8.125E-1,8.75E-1,9.375E-1,1.E0,1.0625E0,1.125E0,1.167109068042E0),(
-3.097227354658E-3,5.305212602173E-2),.UNSPECIFIED.);
#3061=ORIENTED_EDGE('',*,*,#2979,.F.);
#3063=ORIENTED_EDGE('',*,*,#3062,.T.);
#3065=ORIENTED_EDGE('',*,*,#3064,.F.);
#3067=ORIENTED_EDGE('',*,*,#3066,.F.);
#3068=EDGE_LOOP('',(#3061,#3063,#3065,#3067));
#3069=FACE_OUTER_BOUND('',#3068,.F.);
#3070=ADVANCED_FACE('',(#3069),#3060,.F.);
#3071=CARTESIAN_POINT('',(-7.732712791198E-3,1.239044869137E-3,
5.034651897429E-3));
#3072=CARTESIAN_POINT('',(-7.735830731500E-3,1.241510091188E-3,
5.543813832711E-3));
#3073=CARTESIAN_POINT('',(-7.774423427468E-3,1.272023685379E-3,
6.002483855030E-3));
#3074=CARTESIAN_POINT('',(-7.845338075960E-3,1.328092865106E-3,
6.410089589382E-3));
#3075=CARTESIAN_POINT('',(-7.716791074729E-3,1.250915987901E-3,
5.034603778622E-3));
#3076=CARTESIAN_POINT('',(-7.719899811497E-3,1.253373933111E-3,
5.544058472497E-3));
#3077=CARTESIAN_POINT('',(-7.758567496589E-3,1.283946817995E-3,
6.003006786050E-3));
#3078=CARTESIAN_POINT('',(-7.829622716300E-3,1.340127141374E-3,
6.410875721184E-3));
#3079=CARTESIAN_POINT('',(-7.683582509185E-3,1.285079389329E-3,
5.034558153508E-3));
#3080=CARTESIAN_POINT('',(-7.686682519381E-3,1.287530434811E-3,
5.544290434156E-3));
#3081=CARTESIAN_POINT('',(-7.725421307385E-3,1.318159537729E-3,
6.003502616873E-3));
#3082=CARTESIAN_POINT('',(-7.796609813402E-3,1.374445244888E-3,
6.411621112764E-3));
#3083=CARTESIAN_POINT('',(-7.657369077706E-3,1.344074751065E-3,
5.034708580144E-3));
#3084=CARTESIAN_POINT('',(-7.660497859533E-3,1.346548545045E-3,
5.543525653342E-3));
#3085=CARTESIAN_POINT('',(-7.699002220244E-3,1.376992296328E-3,
6.001867855755E-3));
#3086=CARTESIAN_POINT('',(-7.769751279460E-3,1.432930551696E-3,
6.409163546363E-3));
#3087=CARTESIAN_POINT('',(-7.651420013140E-3,1.396973961649E-3,
5.034972714978E-3));
#3088=CARTESIAN_POINT('',(-7.654599315209E-3,1.399487699824E-3,
5.542182771134E-3));
#3089=CARTESIAN_POINT('',(-7.692692043940E-3,1.429605991305E-3,
5.998997371063E-3));
#3090=CARTESIAN_POINT('',(-7.762669476465E-3,1.484934154448E-3,
6.404848294028E-3));
#3091=CARTESIAN_POINT('',(-7.657359382081E-3,1.449872082690E-3,
5.035324371134E-3));
#3092=CARTESIAN_POINT('',(-7.660605944321E-3,1.452439000606E-3,
5.540394923659E-3));
#3093=CARTESIAN_POINT('',(-7.698150646434E-3,1.482123990877E-3,
5.995175748604E-3));
#3094=CARTESIAN_POINT('',(-7.767100773046E-3,1.536639907170E-3,
6.399103178824E-3));
#3095=CARTESIAN_POINT('',(-7.686759284744E-3,1.516060759149E-3,
5.035926119987E-3));
#3096=CARTESIAN_POINT('',(-7.690120941601E-3,1.518718677456E-3,
5.537335585301E-3));
#3097=CARTESIAN_POINT('',(-7.726727868607E-3,1.547662209057E-3,
5.988636244343E-3));
#3098=CARTESIAN_POINT('',(-7.793920084421E-3,1.600788220463E-3,
6.389272222013E-3));
#3099=CARTESIAN_POINT('',(-7.752140146492E-3,1.576315987096E-3,
5.036758236339E-3));
#3100=CARTESIAN_POINT('',(-7.755660959636E-3,1.579099743473E-3,
5.533105040512E-3));
#3101=CARTESIAN_POINT('',(-7.790971103115E-3,1.607017963798E-3,
5.979593221822E-3));
#3102=CARTESIAN_POINT('',(-7.855732427181E-3,1.658221973063E-3,
6.375677680240E-3));
#3103=CARTESIAN_POINT('',(-7.850210157660E-3,1.602534309363E-3,
5.037632889995E-3));
#3104=CARTESIAN_POINT('',(-7.853898263068E-3,1.605450336579E-3,
5.528658232732E-3));
#3105=CARTESIAN_POINT('',(-7.887845332199E-3,1.632290832312E-3,
5.970087925243E-3));
#3106=CARTESIAN_POINT('',(-7.950051498742E-3,1.681474587801E-3,
6.361388193388E-3));
#3107=CARTESIAN_POINT('',(-7.948284975947E-3,1.576298010941E-3,
5.038202232712E-3));
#3108=CARTESIAN_POINT('',(-7.952081977752E-3,1.579300137881E-3,
5.525763649714E-3));
#3109=CARTESIAN_POINT('',(-7.985141774022E-3,1.605439104909E-3,
5.963900594598E-3));
#3110=CARTESIAN_POINT('',(-8.045684698992E-3,1.653307806419E-3,
6.352086665638E-3));
#3111=CARTESIAN_POINT('',(-8.013676882778E-3,1.516030798015E-3,
5.038332850906E-3));
#3112=CARTESIAN_POINT('',(-8.017498867516E-3,1.519052677891E-3,
5.525099576569E-3));
#3113=CARTESIAN_POINT('',(-8.050355106287E-3,1.545030700711E-3,
5.962481101670E-3));
#3114=CARTESIAN_POINT('',(-8.110516451577E-3,1.592597703486E-3,
6.349952715859E-3));
#3115=CARTESIAN_POINT('',(-8.043088917442E-3,1.449836731598E-3,
5.038164068981E-3));
#3116=CARTESIAN_POINT('',(-8.046878619790E-3,1.452833087169E-3,
5.525957677113E-3));
#3117=CARTESIAN_POINT('',(-8.079997891032E-3,1.479019078514E-3,
5.964315338852E-3));
#3118=CARTESIAN_POINT('',(-8.140652305096E-3,1.526975929682E-3,
6.352710158288E-3));
#3119=CARTESIAN_POINT('',(-8.049037982008E-3,1.396937521013E-3,
5.037899934147E-3));
#3120=CARTESIAN_POINT('',(-8.052777164114E-3,1.399893932390E-3,
5.527300559321E-3));
#3121=CARTESIAN_POINT('',(-8.086308067336E-3,1.426405383537E-3,
5.967185823543E-3));
#3122=CARTESIAN_POINT('',(-8.147734108091E-3,1.474972326929E-3,
6.357025410623E-3));
#3123=CARTESIAN_POINT('',(-8.043098613066E-3,1.344039399973E-3,
5.037548277991E-3));
#3124=CARTESIAN_POINT('',(-8.046770535002E-3,1.346942631608E-3,
5.529088406796E-3));
#3125=CARTESIAN_POINT('',(-8.080849464842E-3,1.373887383965E-3,
5.971007446003E-3));
#3126=CARTESIAN_POINT('',(-8.143302811510E-3,1.423266574207E-3,
6.362770525827E-3));
#3127=CARTESIAN_POINT('',(-8.016895979175E-3,1.285048808169E-3,
5.037011969927E-3));
#3128=CARTESIAN_POINT('',(-8.020465323147E-3,1.287870935796E-3,
5.531815039053E-3));
#3129=CARTESIAN_POINT('',(-8.055380044115E-3,1.315476512453E-3,
5.976835772645E-3));
#3130=CARTESIAN_POINT('',(-8.119400127027E-3,1.366094454038E-3,
6.371532356268E-3));
#3131=CARTESIAN_POINT('',(-7.983693628922E-3,1.250891464341E-3,
5.036568685113E-3));
#3132=CARTESIAN_POINT('',(-7.987178187197E-3,1.253646555543E-3,
5.534068733807E-3));
#3133=CARTESIAN_POINT('',(-8.022783730360E-3,1.281798335765E-3,
5.981653169325E-3));
#3134=CARTESIAN_POINT('',(-8.088098797311E-3,1.333440165846E-3,
6.378774437138E-3));
#3135=CARTESIAN_POINT('',(-7.967774040104E-3,1.239023245281E-3,
5.036382391672E-3));
#3136=CARTESIAN_POINT('',(-7.971222966616E-3,1.241750163973E-3,
5.535015864273E-3));
#3137=CARTESIAN_POINT('',(-8.007118832478E-3,1.270131489937E-3,
5.983677712866E-3));
#3138=CARTESIAN_POINT('',(-8.072978125232E-3,1.322203616085E-3,
6.381817970611E-3));
#3139=B_SPLINE_SURFACE_WITH_KNOTS('',3,3,((#3071,#3072,#3073,#3074),(#3075,
#3076,#3077,#3078),(#3079,#3080,#3081,#3082),(#3083,#3084,#3085,#3086),(#3087,
#3088,#3089,#3090),(#3091,#3092,#3093,#3094),(#3095,#3096,#3097,#3098),(#3099,
#3100,#3101,#3102),(#3103,#3104,#3105,#3106),(#3107,#3108,#3109,#3110),(#3111,
#3112,#3113,#3114),(#3115,#3116,#3117,#3118),(#3119,#3120,#3121,#3122),(#3123,
#3124,#3125,#3126),(#3127,#3128,#3129,#3130),(#3131,#3132,#3133,#3134),(#3135,
#3136,#3137,#3138)),.UNSPECIFIED.,.F.,.F.,.F.,(4,1,1,1,1,1,1,1,1,1,1,1,1,1,4),
(4,4),(-1.671090918582E-1,-1.25E-1,-6.25E-2,0.E0,6.25E-2,1.25E-1,1.875E-1,
2.5E-1,3.125E-1,3.75E-1,4.375E-1,5.E-1,5.625E-1,6.25E-1,6.671091877795E-1),(
-3.101416493659E-3,5.335256438329E-2),.UNSPECIFIED.);
#3140=ORIENTED_EDGE('',*,*,#2981,.F.);
#3141=ORIENTED_EDGE('',*,*,#3066,.T.);
#3143=ORIENTED_EDGE('',*,*,#3142,.F.);
#3144=ORIENTED_EDGE('',*,*,#3062,.F.);
#3145=EDGE_LOOP('',(#3140,#3141,#3143,#3144));
#3146=FACE_OUTER_BOUND('',#3145,.F.);
#3147=ADVANCED_FACE('',(#3146),#3139,.F.);
#3148=CARTESIAN_POINT('',(-7.851091639331E-3,1.397637795276E-3,
5.118110236220E-3));
#3149=DIRECTION('',(0.E0,0.E0,1.E0));
#3150=DIRECTION('',(1.E0,0.E0,0.E0));
#3151=AXIS2_PLACEMENT_3D('',#3148,#3149,#3150);
#3152=PLANE('',#3151);
#3154=ORIENTED_EDGE('',*,*,#3153,.T.);
#3156=ORIENTED_EDGE('',*,*,#3155,.T.);
#3157=EDGE_LOOP('',(#3154,#3156));
#3158=FACE_OUTER_BOUND('',#3157,.F.);
#3159=ORIENTED_EDGE('',*,*,#3064,.T.);
#3160=ORIENTED_EDGE('',*,*,#3142,.T.);
#3161=EDGE_LOOP('',(#3159,#3160));
#3162=FACE_BOUND('',#3161,.F.);
#3163=ADVANCED_FACE('',(#3158,#3162),#3152,.F.);
#3164=CARTESIAN_POINT('',(-7.851091639331E-3,1.397637795276E-3,
5.118110236220E-3));
#3165=DIRECTION('',(0.E0,0.E0,-1.E0));
#3166=DIRECTION('',(-1.E0,0.E0,0.E0));
#3167=AXIS2_PLACEMENT_3D('',#3164,#3165,#3166);
#3168=CYLINDRICAL_SURFACE('',#3167,5.905511811024E-4);
#3170=ORIENTED_EDGE('',*,*,#3169,.T.);
#3171=ORIENTED_EDGE('',*,*,#3153,.F.);
#3173=ORIENTED_EDGE('',*,*,#3172,.F.);
#3175=ORIENTED_EDGE('',*,*,#3174,.F.);
#3176=EDGE_LOOP('',(#3170,#3171,#3173,#3175));
#3177=FACE_OUTER_BOUND('',#3176,.F.);
#3178=ADVANCED_FACE('',(#3177),#3168,.F.);
#3179=CARTESIAN_POINT('',(-7.851091639331E-3,1.397637795276E-3,
5.118110236220E-3));
#3180=DIRECTION('',(0.E0,0.E0,-1.E0));
#3181=DIRECTION('',(-1.E0,0.E0,0.E0));
#3182=AXIS2_PLACEMENT_3D('',#3179,#3180,#3181);
#3183=CYLINDRICAL_SURFACE('',#3182,5.905511811024E-4);
#3184=ORIENTED_EDGE('',*,*,#3155,.F.);
#3185=ORIENTED_EDGE('',*,*,#3169,.F.);
#3187=ORIENTED_EDGE('',*,*,#3186,.F.);
#3188=ORIENTED_EDGE('',*,*,#3172,.T.);
#3189=EDGE_LOOP('',(#3184,#3185,#3187,#3188));
#3190=FACE_OUTER_BOUND('',#3189,.F.);
#3191=ADVANCED_FACE('',(#3190),#3183,.F.);
#3192=CARTESIAN_POINT('',(-7.851091639331E-3,1.397637795276E-3,
4.724409448819E-3));
#3193=DIRECTION('',(0.E0,0.E0,1.E0));
#3194=DIRECTION('',(1.E0,0.E0,0.E0));
#3195=AXIS2_PLACEMENT_3D('',#3192,#3193,#3194);
#3196=PLANE('',#3195);
#3197=ORIENTED_EDGE('',*,*,#3174,.T.);
#3198=ORIENTED_EDGE('',*,*,#3186,.T.);
#3199=EDGE_LOOP('',(#3197,#3198));
#3200=FACE_OUTER_BOUND('',#3199,.F.);
#3201=ADVANCED_FACE('',(#3200),#3196,.T.);
#3202=CARTESIAN_POINT('',(-5.875234198035E-4,-8.318495624855E-4,
4.997376843034E-3));
#3203=CARTESIAN_POINT('',(-6.035438308799E-4,-8.221141683183E-4,
5.243793970694E-3));
#3204=CARTESIAN_POINT('',(-5.555961086817E-4,-8.512513716519E-4,
5.798567966708E-3));
#3205=CARTESIAN_POINT('',(-3.831234242525E-4,-9.560607649936E-4,
6.444235566595E-3));
#3206=CARTESIAN_POINT('',(-3.348229082965E-4,-9.854123564771E-4,
6.598195387702E-3));
#3207=CARTESIAN_POINT('',(-6.015299730824E-4,-8.429283194079E-4,
4.996964466389E-3));
#3208=CARTESIAN_POINT('',(-6.175824409356E-4,-8.331734447569E-4,
5.244304338063E-3));
#3209=CARTESIAN_POINT('',(-5.695334881955E-4,-8.623721645661E-4,
5.800341974872E-3));
#3210=CARTESIAN_POINT('',(-3.966967319790E-4,-9.674027995687E-4,
6.447161380510E-3));
#3211=CARTESIAN_POINT('',(-3.482941996851E-4,-9.968163850458E-4,
6.601383928423E-3));
#3212=CARTESIAN_POINT('',(-6.328840638571E-4,-8.759257140312E-4,
4.996323746696E-3));
#3213=CARTESIAN_POINT('',(-6.489863391097E-4,-8.661405720753E-4,
5.245097308343E-3));
#3214=CARTESIAN_POINT('',(-6.007801019974E-4,-8.954348715393E-4,
5.803098294806E-3));
#3215=CARTESIAN_POINT('',(-4.273776785278E-4,-1.000809255129E-3,
6.451707289250E-3));
#3216=CARTESIAN_POINT('',(-3.788166409510E-4,-1.030319162193E-3,
6.606338042237E-3));
#3217=CARTESIAN_POINT('',(-6.584909837988E-4,-9.335353267493E-4,
4.996856735849E-3));
#3218=CARTESIAN_POINT('',(-6.745518262628E-4,-9.237753629569E-4,
5.244437668E-3));
#3219=CARTESIAN_POINT('',(-6.264764277454E-4,-9.529901535190E-4,
5.800805422207E-3));
#3220=CARTESIAN_POINT('',(-4.535445602982E-4,-1.058078586372E-3,
6.447925729113E-3));
#3221=CARTESIAN_POINT('',(-4.051153769432E-4,-1.087508367350E-3,
6.602216912583E-3));
#3222=CARTESIAN_POINT('',(-6.644608661551E-4,-9.864240528677E-4,
4.998340328525E-3));
#3223=CARTESIAN_POINT('',(-6.804063791018E-4,-9.767341733137E-4,
5.242601537611E-3));
#3224=CARTESIAN_POINT('',(-6.326951740767E-4,-1.005727648256E-3,
5.794423136617E-3));
#3225=CARTESIAN_POINT('',(-4.610731146501E-4,-1.110020127915E-3,
6.437399633255E-3));
#3226=CARTESIAN_POINT('',(-4.130109518177E-4,-1.139226875325E-3,
6.590745613910E-3));
#3227=CARTESIAN_POINT('',(-6.585515876743E-4,-1.039307022266E-3,
5.000497161949E-3));
#3228=CARTESIAN_POINT('',(-6.743294356269E-4,-1.029719030535E-3,
5.239932188094E-3));
#3229=CARTESIAN_POINT('',(-6.271476917601E-4,-1.058390758861E-3,
5.785144628372E-3));
#3230=CARTESIAN_POINT('',(-4.574298192186E-4,-1.161526089068E-3,
6.422096891656E-3));
#3231=CARTESIAN_POINT('',(-4.099012274552E-4,-1.190408592321E-3,
6.574068745127E-3));
#3232=CARTESIAN_POINT('',(-6.292052059619E-4,-1.105463536868E-3,
5.004439940383E-3));
#3233=CARTESIAN_POINT('',(-6.446765555469E-4,-1.096061800184E-3,
5.235052509584E-3));
#3234=CARTESIAN_POINT('',(-5.984626880186E-4,-1.124145362724E-3,
5.768183141309E-3));
#3235=CARTESIAN_POINT('',(-4.322257458557E-4,-1.225165377091E-3,
6.394122863201E-3));
#3236=CARTESIAN_POINT('',(-3.856725435133E-4,-1.253455148957E-3,
6.543582756794E-3));
#3237=CARTESIAN_POINT('',(-5.639000594693E-4,-1.165682803923E-3,
5.010216710080E-3));
#3238=CARTESIAN_POINT('',(-5.789223423590E-4,-1.156553959194E-3,
5.227903038869E-3));
#3239=CARTESIAN_POINT('',(-5.341265607812E-4,-1.183775769459E-3,
5.743331984662E-3));
#3240=CARTESIAN_POINT('',(-3.729897107149E-4,-1.281696524599E-3,
6.353136659537E-3));
#3241=CARTESIAN_POINT('',(-3.278656021307E-4,-1.309117854889E-3,
6.498916150097E-3));
#3242=CARTESIAN_POINT('',(-4.659186935965E-4,-1.191797373291E-3,
5.016671005120E-3));
#3243=CARTESIAN_POINT('',(-4.804392412437E-4,-1.182973426502E-3,
5.219915046307E-3));
#3244=CARTESIAN_POINT('',(-4.372278650684E-4,-1.209232414338E-3,
5.715566173404E-3));
#3245=CARTESIAN_POINT('',(-2.817892686715E-4,-1.303690415291E-3,
6.307343410907E-3));
#3246=CARTESIAN_POINT('',(-2.382618643424E-4,-1.330141449300E-3,
6.449010844333E-3));
#3247=CARTESIAN_POINT('',(-3.679036808851E-4,-1.165669357466E-3,
5.021327437294E-3));
#3248=CARTESIAN_POINT('',(-3.820622531173E-4,-1.157065378400E-3,
5.214152132566E-3));
#3249=CARTESIAN_POINT('',(-3.399939415599E-4,-1.182629740826E-3,
5.695534610533E-3));
#3250=CARTESIAN_POINT('',(-1.886663335139E-4,-1.274589547955E-3,
6.274306006362E-3));
#3251=CARTESIAN_POINT('',(-1.462908667736E-4,-1.300340564565E-3,
6.413006808263E-3));
#3252=CARTESIAN_POINT('',(-2.432137455658E-4,-1.049460189042E-3,
5.024392773437E-3));
#3253=CARTESIAN_POINT('',(-2.571340288504E-4,-1.041001015051E-3,
5.210358397982E-3));
#3254=CARTESIAN_POINT('',(-2.158181984105E-4,-1.066108104549E-3,
5.682347803261E-3));
#3255=CARTESIAN_POINT('',(-6.719686003648E-5,-1.156423347013E-3,
6.252557434407E-3));
#3256=CARTESIAN_POINT('',(-2.557971550350E-5,-1.181713541141E-3,
6.389305298416E-3));
#3257=CARTESIAN_POINT('',(-2.735622714825E-4,-9.420703478027E-4,
5.018972684074E-3));
#3258=CARTESIAN_POINT('',(-2.879038943299E-4,-9.333551312735E-4,
5.217066432438E-3));
#3259=CARTESIAN_POINT('',(-2.452575361073E-4,-9.592707650931E-4,
5.705664552389E-3));
#3260=CARTESIAN_POINT('',(-9.185100525175E-5,-1.052493906409E-3,
6.291012989699E-3));
#3261=CARTESIAN_POINT('',(-4.889300479346E-5,-1.078598921137E-3,
6.431214014276E-3));
#3262=CARTESIAN_POINT('',(-2.760316830967E-4,-9.338552580215E-4,
5.018549679237E-3));
#3263=CARTESIAN_POINT('',(-2.904061889209E-4,-9.251200589375E-4,
5.217589953515E-3));
#3264=CARTESIAN_POINT('',(-2.476559911396E-4,-9.510987946981E-4,
5.707484282101E-3));
#3265=CARTESIAN_POINT('',(-9.387600526731E-5,-1.044548879740E-3,
6.294014210674E-3));
#3266=CARTESIAN_POINT('',(-5.081335920197E-5,-1.070717486234E-3,
6.434484733322E-3));
#3267=B_SPLINE_SURFACE_WITH_KNOTS('',3,3,((#3202,#3203,#3204,#3205,#3206),
(#3207,#3208,#3209,#3210,#3211),(#3212,#3213,#3214,#3215,#3216),(#3217,#3218,
#3219,#3220,#3221),(#3222,#3223,#3224,#3225,#3226),(#3227,#3228,#3229,#3230,
#3231),(#3232,#3233,#3234,#3235,#3236),(#3237,#3238,#3239,#3240,#3241),(#3242,
#3243,#3244,#3245,#3246),(#3247,#3248,#3249,#3250,#3251),(#3252,#3253,#3254,
#3255,#3256),(#3257,#3258,#3259,#3260,#3261),(#3262,#3263,#3264,#3265,#3266)),
.UNSPECIFIED.,.F.,.F.,.F.,(4,1,1,1,1,1,1,1,1,1,4),(4,1,4),(3.367986037486E-1,
3.75E-1,4.375E-1,5.E-1,5.625027796002E-1,6.250055592004E-1,6.875083388006E-1,
7.500111184008E-1,8.125138980010E-1,8.750166776012E-1,1.107899820007E0),(
-1.086439525155E-2,6.25E-2,8.519883589721E-2),.UNSPECIFIED.);
#3268=ORIENTED_EDGE('',*,*,#2985,.T.);
#3270=ORIENTED_EDGE('',*,*,#3269,.T.);
#3272=ORIENTED_EDGE('',*,*,#3271,.F.);
#3274=ORIENTED_EDGE('',*,*,#3273,.T.);
#3275=EDGE_LOOP('',(#3268,#3270,#3272,#3274));
#3276=FACE_OUTER_BOUND('',#3275,.F.);
#3277=ADVANCED_FACE('',(#3276),#3267,.F.);
#3278=CARTESIAN_POINT('',(-2.728588869004E-4,-1.024787638852E-3,
5.022676499015E-3));
#3279=CARTESIAN_POINT('',(-2.868259977118E-4,-1.016300008386E-3,
5.214515507284E-3));
#3280=CARTESIAN_POINT('',(-2.451329371151E-4,-1.041636335713E-3,
5.690243917400E-3));
#3281=CARTESIAN_POINT('',(-9.638043525265E-5,-1.132031284513E-3,
6.261845375560E-3));
#3282=CARTESIAN_POINT('',(-5.588026533668E-5,-1.156642707784E-3,
6.395697677853E-3));
#3283=CARTESIAN_POINT('',(-2.673369997103E-4,-9.962570141827E-4,
5.022012994673E-3));
#3284=CARTESIAN_POINT('',(-2.813556083746E-4,-9.877380891456E-4,
5.215348915396E-3));
#3285=CARTESIAN_POINT('',(-2.394990696929E-4,-1.013173759966E-3,
5.693112120011E-3));
#3286=CARTESIAN_POINT('',(-9.016342805131E-5,-1.103923075178E-3,
6.266569812854E-3));
#3287=CARTESIAN_POINT('',(-4.950438988174E-5,-1.128631040607E-3,
6.400836286750E-3));
#3288=CARTESIAN_POINT('',(-2.596224503239E-4,-9.075375968415E-4,
5.019418731931E-3));
#3289=CARTESIAN_POINT('',(-2.738424125472E-4,-8.988963118815E-4,
5.218607491827E-3));
#3290=CARTESIAN_POINT('',(-2.313466842204E-4,-9.247204098846E-4,
5.704326622610E-3));
#3291=CARTESIAN_POINT('',(-7.973100052623E-5,-1.016855276815E-3,
6.285042083296E-3));
#3292=CARTESIAN_POINT('',(-3.845079687969E-5,-1.041940716377E-3,
6.420927943670E-3));
#3293=CARTESIAN_POINT('',(-3.678153062797E-4,-8.067525633912E-4,
5.009904078038E-3));
#3294=CARTESIAN_POINT('',(-3.827737478380E-4,-7.976625142031E-4,
5.230558566182E-3));
#3295=CARTESIAN_POINT('',(-3.379337433721E-4,-8.249111981385E-4,
5.745456655071E-3));
#3296=CARTESIAN_POINT('',(-1.779558338180E-4,-9.221276802959E-4,
6.352790525659E-3));
#3297=CARTESIAN_POINT('',(-1.343974590259E-4,-9.485975346500E-4,
6.494615607839E-3));
#3298=CARTESIAN_POINT('',(-4.658382523597E-4,-7.808104376509E-4,
5.003514448015E-3));
#3299=CARTESIAN_POINT('',(-4.812926246984E-4,-7.714190178174E-4,
5.238584390806E-3));
#3300=CARTESIAN_POINT('',(-4.348783057731E-4,-7.996243920482E-4,
5.773077805899E-3));
#3301=CARTESIAN_POINT('',(-2.692846870178E-4,-9.002534671997E-4,
6.398287449267E-3));
#3302=CARTESIAN_POINT('',(-2.241963910208E-4,-9.276530346494E-4,
6.544101055926E-3));
#3303=CARTESIAN_POINT('',(-5.638621593298E-4,-8.069309242011E-4,
4.998901351016E-3));
#3304=CARTESIAN_POINT('',(-5.796745769366E-4,-7.973219249435E-4,
5.244378765028E-3));
#3305=CARTESIAN_POINT('',(-5.321236561608E-4,-8.262179972453E-4,
5.793019343600E-3));
#3306=CARTESIAN_POINT('',(-3.624756850923E-4,-9.293108492420E-4,
6.431134690971E-3));
#3307=CARTESIAN_POINT('',(-3.162828376746E-4,-9.573816381359E-4,
6.579827877550E-3));
#3308=CARTESIAN_POINT('',(-6.951144698882E-4,-9.293794395671E-4,
4.995709448604E-3));
#3309=CARTESIAN_POINT('',(-7.111746268239E-4,-9.196198923613E-4,
5.248388018911E-3));
#3310=CARTESIAN_POINT('',(-6.628372664416E-4,-9.489938737205E-4,
5.806817328404E-3));
#3311=CARTESIAN_POINT('',(-4.903840005936E-4,-1.053791466645E-3,
6.453862413812E-3));
#3312=CARTESIAN_POINT('',(-4.434268899608E-4,-1.082326688293E-3,
6.604548044533E-3));
#3313=CARTESIAN_POINT('',(-6.536671225110E-4,-1.044292857174E-3,
5.001958193375E-3));
#3314=CARTESIAN_POINT('',(-6.692422834673E-4,-1.034828035678E-3,
5.240539156069E-3));
#3315=CARTESIAN_POINT('',(-6.224445254113E-4,-1.063266420851E-3,
5.779805197622E-3));
#3316=CARTESIAN_POINT('',(-4.554831477296E-4,-1.164726665204E-3,
6.409368654002E-3));
#3317=CARTESIAN_POINT('',(-4.100222249975E-4,-1.192352673044E-3,
6.556153703406E-3));
#3318=CARTESIAN_POINT('',(-6.555502390539E-4,-1.039491623055E-3,
5.001688611330E-3));
#3319=CARTESIAN_POINT('',(-6.711463236058E-4,-1.030014086564E-3,
5.240877770075E-3));
#3320=CARTESIAN_POINT('',(-6.242821443468E-4,-1.058492835033E-3,
5.780970549343E-3));
#3321=CARTESIAN_POINT('',(-4.570838367695E-4,-1.160097058583E-3,
6.411288194522E-3));
#3322=CARTESIAN_POINT('',(-4.115583658106E-4,-1.187762291536E-3,
6.558241521992E-3));
#3323=B_SPLINE_SURFACE_WITH_KNOTS('',3,3,((#3278,#3279,#3280,#3281,#3282),
(#3283,#3284,#3285,#3286,#3287),(#3288,#3289,#3290,#3291,#3292),(#3293,#3294,
#3295,#3296,#3297),(#3298,#3299,#3300,#3301,#3302),(#3303,#3304,#3305,#3306,
#3307),(#3308,#3309,#3310,#3311,#3312),(#3313,#3314,#3315,#3316,#3317),(#3318,
#3319,#3320,#3321,#3322)),.UNSPECIFIED.,.F.,.F.,.F.,(4,1,1,1,1,1,4),(4,1,4),(
9.392897650620E-1,1.125012141722E0,1.187528025320E0,1.250043908918E0,
1.312559792516E0,1.375075676115E0,1.626951937890E0),(-1.076119087422E-2,6.25E-2,
8.447999440311E-2),.UNSPECIFIED.);
#3324=ORIENTED_EDGE('',*,*,#2987,.T.);
#3325=ORIENTED_EDGE('',*,*,#3273,.F.);
#3327=ORIENTED_EDGE('',*,*,#3326,.F.);
#3328=ORIENTED_EDGE('',*,*,#3269,.F.);
#3329=EDGE_LOOP('',(#3324,#3325,#3327,#3328));
#3330=FACE_OUTER_BOUND('',#3329,.F.);
#3331=ADVANCED_FACE('',(#3330),#3323,.F.);
#3332=CARTESIAN_POINT('',(-4.692018755514E-4,-9.842519685039E-4,
5.118110236220E-3));
#3333=DIRECTION('',(0.E0,0.E0,1.E0));
#3334=DIRECTION('',(1.E0,0.E0,0.E0));
#3335=AXIS2_PLACEMENT_3D('',#3332,#3333,#3334);
#3336=PLANE('',#3335);
#3338=ORIENTED_EDGE('',*,*,#3337,.T.);
#3340=ORIENTED_EDGE('',*,*,#3339,.T.);
#3341=EDGE_LOOP('',(#3338,#3340));
#3342=FACE_OUTER_BOUND('',#3341,.F.);
#3343=ORIENTED_EDGE('',*,*,#3271,.T.);
#3344=ORIENTED_EDGE('',*,*,#3326,.T.);
#3345=EDGE_LOOP('',(#3343,#3344));
#3346=FACE_BOUND('',#3345,.F.);
#3347=ADVANCED_FACE('',(#3342,#3346),#3336,.F.);
#3348=CARTESIAN_POINT('',(-4.692018755514E-4,-9.842519685039E-4,
5.118110236220E-3));
#3349=DIRECTION('',(0.E0,0.E0,-1.E0));
#3350=DIRECTION('',(-1.E0,0.E0,0.E0));
#3351=AXIS2_PLACEMENT_3D('',#3348,#3349,#3350);
#3352=CYLINDRICAL_SURFACE('',#3351,5.905511811024E-4);
#3354=ORIENTED_EDGE('',*,*,#3353,.T.);
#3355=ORIENTED_EDGE('',*,*,#3337,.F.);
#3357=ORIENTED_EDGE('',*,*,#3356,.F.);
#3359=ORIENTED_EDGE('',*,*,#3358,.F.);
#3360=EDGE_LOOP('',(#3354,#3355,#3357,#3359));
#3361=FACE_OUTER_BOUND('',#3360,.F.);
#3362=ADVANCED_FACE('',(#3361),#3352,.F.);
#3363=CARTESIAN_POINT('',(-4.692018755514E-4,-9.842519685039E-4,
5.118110236220E-3));
#3364=DIRECTION('',(0.E0,0.E0,-1.E0));
#3365=DIRECTION('',(-1.E0,0.E0,0.E0));
#3366=AXIS2_PLACEMENT_3D('',#3363,#3364,#3365);
#3367=CYLINDRICAL_SURFACE('',#3366,5.905511811024E-4);
#3368=ORIENTED_EDGE('',*,*,#3339,.F.);
#3369=ORIENTED_EDGE('',*,*,#3353,.F.);
#3371=ORIENTED_EDGE('',*,*,#3370,.F.);
#3372=ORIENTED_EDGE('',*,*,#3356,.T.);
#3373=EDGE_LOOP('',(#3368,#3369,#3371,#3372));
#3374=FACE_OUTER_BOUND('',#3373,.F.);
#3375=ADVANCED_FACE('',(#3374),#3367,.F.);
#3376=CARTESIAN_POINT('',(-4.692018755514E-4,-9.842519685039E-4,
4.724409448819E-3));
#3377=DIRECTION('',(0.E0,0.E0,1.E0));
#3378=DIRECTION('',(1.E0,0.E0,0.E0));
#3379=AXIS2_PLACEMENT_3D('',#3376,#3377,#3378);
#3380=PLANE('',#3379);
#3381=ORIENTED_EDGE('',*,*,#3358,.T.);
#3382=ORIENTED_EDGE('',*,*,#3370,.T.);
#3383=EDGE_LOOP('',(#3381,#3382));
#3384=FACE_OUTER_BOUND('',#3383,.F.);
#3385=ADVANCED_FACE('',(#3384),#3380,.T.);
#3387=ORIENTED_CLOSED_SHELL('',*,#3386,.F.);
#3389=DIMENSIONAL_EXPONENTS(1.E0,0.E0,0.E0,0.E0,0.E0,0.E0,0.E0);
#3391=LENGTH_MEASURE_WITH_UNIT(LENGTH_MEASURE(2.54E1),#3390);
#3392=(CONVERSION_BASED_UNIT('INCH',#3391)LENGTH_UNIT()NAMED_UNIT(#3389));
#3393=DIMENSIONAL_EXPONENTS(0.E0,0.E0,0.E0,0.E0,0.E0,0.E0,0.E0);
#3395=PLANE_ANGLE_MEASURE_WITH_UNIT(PLANE_ANGLE_MEASURE(1.745329251994E-2),
#3394);
#3396=(CONVERSION_BASED_UNIT('DEGREE',#3395)NAMED_UNIT(*)PLANE_ANGLE_UNIT());
#3398=UNCERTAINTY_MEASURE_WITH_UNIT(LENGTH_MEASURE(1.416596957859E-5),#3392,
'closure',
'Maximum model space distance between geometric entities at asserted connectivities');
#3399=(GEOMETRIC_REPRESENTATION_CONTEXT(3)GLOBAL_UNCERTAINTY_ASSIGNED_CONTEXT((
#3398))GLOBAL_UNIT_ASSIGNED_CONTEXT((#3392,#3396,#3397))REPRESENTATION_CONTEXT(
'ID1','3'));
#3401=APPLICATION_CONTEXT(
'CONFIGURATION CONTROLLED 3D DESIGNS OF MECHANICAL PARTS AND ASSEMBLIES');
#3402=APPLICATION_PROTOCOL_DEFINITION('international standard',
'config_control_design',1994,#3401);
#3403=DESIGN_CONTEXT('',#3401,'design');
#3404=MECHANICAL_CONTEXT('',#3401,'mechanical');
#3405=PRODUCT('4500521862823','4500521862823','NOT SPECIFIED',(#3404));
#3406=PRODUCT_DEFINITION_FORMATION_WITH_SPECIFIED_SOURCE('1','LAST_VERSION',
#3405,.MADE.);
#3410=PRODUCT_CATEGORY('part','');
#3411=PRODUCT_RELATED_PRODUCT_CATEGORY('detail','',(#3405));
#3412=PRODUCT_CATEGORY_RELATIONSHIP('','',#3410,#3411);
#3413=SECURITY_CLASSIFICATION_LEVEL('unclassified');
#3414=SECURITY_CLASSIFICATION('','',#3413);
#3415=CC_DESIGN_SECURITY_CLASSIFICATION(#3414,(#3406));
#3416=APPROVAL_STATUS('approved');
#3417=APPROVAL(#3416,'');
#3418=CC_DESIGN_APPROVAL(#3417,(#3414,#3406,#3407));
#3419=CALENDAR_DATE(123,18,12);
#3420=COORDINATED_UNIVERSAL_TIME_OFFSET(5,0,.BEHIND.);
#3421=LOCAL_TIME(14,21,3.6E1,#3420);
#3422=DATE_AND_TIME(#3419,#3421);
#3423=APPROVAL_DATE_TIME(#3422,#3417);
#3424=DATE_TIME_ROLE('creation_date');
#3425=CC_DESIGN_DATE_AND_TIME_ASSIGNMENT(#3422,#3424,(#3407));
#3426=DATE_TIME_ROLE('classification_date');
#3427=CC_DESIGN_DATE_AND_TIME_ASSIGNMENT(#3422,#3426,(#3414));
#3428=PERSON('UNSPECIFIED','UNSPECIFIED',$,$,$,$);
#3429=ORGANIZATION('UNSPECIFIED','UNSPECIFIED','UNSPECIFIED');
#3430=PERSON_AND_ORGANIZATION(#3428,#3429);
#3431=APPROVAL_ROLE('approver');
#3432=APPROVAL_PERSON_ORGANIZATION(#3430,#3417,#3431);
#3433=PERSON_AND_ORGANIZATION_ROLE('creator');
#3434=CC_DESIGN_PERSON_AND_ORGANIZATION_ASSIGNMENT(#3430,#3433,(#3406,#3407));
#3435=PERSON_AND_ORGANIZATION_ROLE('design_supplier');
#3436=CC_DESIGN_PERSON_AND_ORGANIZATION_ASSIGNMENT(#3430,#3435,(#3406));
#3437=PERSON_AND_ORGANIZATION_ROLE('classification_officer');
#3438=CC_DESIGN_PERSON_AND_ORGANIZATION_ASSIGNMENT(#3430,#3437,(#3414));
#3439=PERSON_AND_ORGANIZATION_ROLE('design_owner');
#3440=CC_DESIGN_PERSON_AND_ORGANIZATION_ASSIGNMENT(#3430,#3439,(#3405));
#14=CIRCLE('',#13,2.350776159548E-2);
#27=CIRCLE('',#26,2.350776159547E-2);
#36=B_SPLINE_CURVE_WITH_KNOTS('',3,(#32,#33,#34,#35),.UNSPECIFIED.,.F.,.F.,(4,
4),(0.E0,1.E0),.UNSPECIFIED.);
#41=B_SPLINE_CURVE_WITH_KNOTS('',3,(#37,#38,#39,#40),.UNSPECIFIED.,.F.,.F.,(4,
4),(0.E0,1.E0),.UNSPECIFIED.);
#62=CIRCLE('',#61,3.937007874016E-4);
#97=B_SPLINE_CURVE_WITH_KNOTS('',3,(#91,#92,#93,#94,#95,#96),.UNSPECIFIED.,.F.,
.F.,(4,1,1,4),(0.E0,3.333333333333E-1,6.666666666667E-1,1.E0),.UNSPECIFIED.);
#104=B_SPLINE_CURVE_WITH_KNOTS('',3,(#98,#99,#100,#101,#102,#103),.UNSPECIFIED.,
.F.,.F.,(4,1,1,4),(0.E0,3.333333333333E-1,6.666666666667E-1,1.E0),
.UNSPECIFIED.);
#203=B_SPLINE_CURVE_WITH_KNOTS('',3,(#197,#198,#199,#200,#201,#202),
.UNSPECIFIED.,.F.,.F.,(4,1,1,4),(0.E0,3.333333333333E-1,6.666666666667E-1,1.E0),
.UNSPECIFIED.);
#210=B_SPLINE_CURVE_WITH_KNOTS('',3,(#204,#205,#206,#207,#208,#209),
.UNSPECIFIED.,.F.,.F.,(4,1,1,4),(0.E0,3.333333333333E-1,6.666666666667E-1,1.E0),
.UNSPECIFIED.);
#255=CIRCLE('',#254,3.937007874016E-4);
#260=CIRCLE('',#259,3.937007874016E-4);
#265=CIRCLE('',#264,3.937007874016E-4);
#286=CIRCLE('',#285,3.937007874016E-4);
#291=CIRCLE('',#290,3.937007874016E-4);
#304=CIRCLE('',#303,3.937007874016E-4);
#309=CIRCLE('',#308,3.937007874016E-4);
#314=CIRCLE('',#313,3.937007874016E-4);
#327=B_SPLINE_CURVE_WITH_KNOTS('',3,(#323,#324,#325,#326),.UNSPECIFIED.,.F.,.F.,
(4,4),(0.E0,1.E0),.UNSPECIFIED.);
#332=B_SPLINE_CURVE_WITH_KNOTS('',3,(#328,#329,#330,#331),.UNSPECIFIED.,.F.,.F.,
(4,4),(0.E0,1.E0),.UNSPECIFIED.);
#353=CIRCLE('',#352,2.350776159548E-2);
#358=CIRCLE('',#357,2.350776159548E-2);
#363=CIRCLE('',#362,9.844487992165E-3);
#368=CIRCLE('',#367,9.844487992165E-3);
#373=CIRCLE('',#372,2.350776159547E-2);
#482=CIRCLE('',#481,9.844487992165E-3);
#487=CIRCLE('',#486,9.844487992165E-3);
#496=CIRCLE('',#495,3.937007874016E-4);
#501=CIRCLE('',#500,3.937007874016E-4);
#506=CIRCLE('',#505,3.937007874016E-4);
#579=CIRCLE('',#578,2.350776159548E-2);
#592=CIRCLE('',#591,2.350776159548E-2);
#597=CIRCLE('',#596,2.350776159547E-2);
#602=CIRCLE('',#601,2.350776159548E-2);
#615=CIRCLE('',#614,2.350776159548E-2);
#624=CIRCLE('',#623,2.350776159548E-2);
#653=CIRCLE('',#652,9.844487992165E-3);
#662=CIRCLE('',#661,9.844487992165E-3);
#775=CIRCLE('',#774,2.350776159547E-2);
#808=CIRCLE('',#807,2.350776159548E-2);
#1126=EDGE_CURVE('',#1115,#1116,#14,.T.);
#1128=EDGE_CURVE('',#979,#1115,#5,.T.);
#1130=EDGE_CURVE('',#979,#988,#358,.T.);
#1132=EDGE_CURVE('',#988,#990,#353,.T.);
#1134=EDGE_CURVE('',#1116,#990,#9,.T.);
#1144=EDGE_CURVE('',#1033,#1034,#31,.T.);
#1146=EDGE_CURVE('',#1058,#1034,#820,.T.);
#1148=EDGE_CURVE('',#1072,#1058,#808,.T.);
#1150=EDGE_CURVE('',#1071,#1072,#795,.T.);
#1152=EDGE_CURVE('',#1071,#1033,#108,.T.);
#1162=EDGE_CURVE('',#1037,#1038,#45,.T.);
#1164=EDGE_CURVE('',#1038,#1078,#196,.T.);
#1166=EDGE_CURVE('',#1068,#1078,#632,.T.);
#1168=EDGE_CURVE('',#1067,#1068,#615,.T.);
#1170=EDGE_CURVE('',#1037,#1067,#606,.T.);
#1180=EDGE_CURVE('',#1049,#1050,#775,.T.);
#1182=EDGE_CURVE('',#1049,#961,#682,.T.);
#1184=EDGE_CURVE('',#961,#1052,#120,.T.);
#1186=EDGE_CURVE('',#1052,#1050,#787,.T.);
#1196=EDGE_CURVE('',#1061,#1062,#579,.T.);
#1198=EDGE_CURVE('',#1061,#1064,#640,.T.);
#1200=EDGE_CURVE('',#1064,#969,#242,.T.);
#1202=EDGE_CURVE('',#969,#1062,#566,.T.);
#1213=EDGE_CURVE('',#1096,#1116,#18,.T.);
#1215=EDGE_CURVE('',#1087,#1096,#336,.T.);
#1217=EDGE_CURVE('',#1087,#1020,#90,.T.);
#1219=EDGE_CURVE('',#1020,#1018,#852,.T.);
#1221=EDGE_CURVE('',#1017,#1018,#840,.T.);
#1223=EDGE_CURVE('',#1022,#1017,#828,.T.);
#1225=EDGE_CURVE('',#1022,#965,#78,.T.);
#1227=EDGE_CURVE('',#965,#1115,#389,.T.);
#1237=EDGE_CURVE('',#1118,#1094,#22,.T.);
#1239=EDGE_CURVE('',#1120,#1118,#27,.T.);
#1241=EDGE_CURVE('',#1120,#957,#449,.T.);
#1243=EDGE_CURVE('',#957,#1084,#226,.T.);
#1245=EDGE_CURVE('',#1081,#1084,#542,.T.);
#1247=EDGE_CURVE('',#1081,#1082,#530,.T.);
#1249=EDGE_CURVE('',#1082,#1086,#518,.T.);
#1251=EDGE_CURVE('',#1086,#1088,#214,.T.);
#1253=EDGE_CURVE('',#1094,#1088,#322,.T.);
#1264=EDGE_CURVE('',#893,#1033,#36,.T.);
#1266=EDGE_CURVE('',#893,#894,#281,.T.);
#1268=EDGE_CURVE('',#1038,#894,#41,.T.);
#1271=EDGE_CURVE('',#1037,#1012,#49,.T.);
#1273=EDGE_CURVE('',#1011,#1012,#53,.T.);
#1275=EDGE_CURVE('',#1011,#1034,#57,.T.);
#1302=EDGE_CURVE('',#1033,#900,#104,.T.);
#1304=EDGE_CURVE('',#893,#900,#62,.T.);
#1314=EDGE_CURVE('',#962,#1026,#124,.T.);
#1316=EDGE_CURVE('',#1026,#871,#192,.T.);
#1318=EDGE_CURVE('',#874,#871,#66,.T.);
#1320=EDGE_CURVE('',#1029,#874,#70,.T.);
#1322=EDGE_CURVE('',#1029,#966,#152,.T.);
#1324=EDGE_CURVE('',#965,#966,#74,.T.);
#1327=EDGE_CURVE('',#1022,#864,#836,.T.);
#1329=EDGE_CURVE('',#863,#864,#82,.T.);
#1331=EDGE_CURVE('',#1020,#863,#86,.T.);
#1334=EDGE_CURVE('',#884,#1087,#97,.T.);
#1336=EDGE_CURVE('',#884,#900,#295,.T.);
#1340=EDGE_CURVE('',#1071,#927,#803,.T.);
#1342=EDGE_CURVE('',#936,#927,#112,.T.);
#1344=EDGE_CURVE('',#1052,#936,#116,.T.);
#1347=EDGE_CURVE('',#961,#962,#678,.T.);
#1357=EDGE_CURVE('',#1025,#1026,#184,.T.);
#1360=EDGE_CURVE('',#1056,#962,#128,.T.);
#1362=EDGE_CURVE('',#1055,#1056,#690,.T.);
#1364=EDGE_CURVE('',#1076,#1055,#702,.T.);
#1366=EDGE_CURVE('',#1074,#1076,#714,.T.);
#1368=EDGE_CURVE('',#1074,#1041,#726,.T.);
#1370=EDGE_CURVE('',#1041,#1042,#738,.T.);
#1372=EDGE_CURVE('',#1045,#1042,#750,.T.);
#1374=EDGE_CURVE('',#1045,#1046,#762,.T.);
#1376=EDGE_CURVE('',#970,#1046,#132,.T.);
#1378=EDGE_CURVE('',#1025,#970,#136,.T.);
#1388=EDGE_CURVE('',#1099,#1100,#140,.T.);
#1390=EDGE_CURVE('',#1106,#1100,#144,.T.);
#1392=EDGE_CURVE('',#966,#1106,#148,.T.);
#1395=EDGE_CURVE('',#1029,#1030,#554,.T.);
#1397=EDGE_CURVE('',#958,#1030,#156,.T.);
#1399=EDGE_CURVE('',#1103,#958,#160,.T.);
#1401=EDGE_CURVE('',#1103,#1104,#164,.T.);
#1403=EDGE_CURVE('',#1104,#1112,#168,.T.);
#1405=EDGE_CURVE('',#1112,#1110,#172,.T.);
#1407=EDGE_CURVE('',#1109,#1110,#176,.T.);
#1409=EDGE_CURVE('',#1099,#1109,#180,.T.);
#1420=EDGE_CURVE('',#1025,#872,#234,.T.);
#1422=EDGE_CURVE('',#871,#872,#188,.T.);
#1434=EDGE_CURVE('',#889,#1038,#203,.T.);
#1436=EDGE_CURVE('',#889,#890,#269,.T.);
#1438=EDGE_CURVE('',#1088,#890,#210,.T.);
#1441=EDGE_CURVE('',#1086,#954,#526,.T.);
#1443=EDGE_CURVE('',#950,#954,#218,.T.);
#1445=EDGE_CURVE('',#1084,#950,#222,.T.);
#1448=EDGE_CURVE('',#957,#958,#457,.T.);
#1451=EDGE_CURVE('',#1030,#876,#562,.T.);
#1453=EDGE_CURVE('',#872,#876,#230,.T.);
#1457=EDGE_CURVE('',#969,#970,#238,.T.);
#1460=EDGE_CURVE('',#1064,#940,#648,.T.);
#1462=EDGE_CURVE('',#939,#940,#246,.T.);
#1464=EDGE_CURVE('',#1078,#939,#250,.T.);
#1492=EDGE_CURVE('',#889,#894,#255,.T.);
#1502=EDGE_CURVE('',#889,#898,#260,.T.);
#1505=EDGE_CURVE('',#898,#894,#265,.T.);
#1517=EDGE_CURVE('',#886,#898,#273,.T.);
#1519=EDGE_CURVE('',#886,#890,#506,.T.);
#1530=EDGE_CURVE('',#898,#896,#277,.T.);
#1532=EDGE_CURVE('',#896,#882,#299,.T.);
#1534=EDGE_CURVE('',#882,#886,#514,.T.);
#1547=EDGE_CURVE('',#893,#896,#291,.T.);
#1558=EDGE_CURVE('',#896,#900,#286,.T.);
#1570=EDGE_CURVE('',#884,#882,#309,.T.);
#1582=EDGE_CURVE('',#884,#880,#314,.T.);
#1584=EDGE_CURVE('',#882,#880,#304,.T.);
#1611=EDGE_CURVE('',#1087,#880,#332,.T.);
#1623=EDGE_CURVE('',#1092,#1094,#318,.T.);
#1626=EDGE_CURVE('',#879,#1088,#327,.T.);
#1628=EDGE_CURVE('',#879,#880,#510,.T.);
#1632=EDGE_CURVE('',#1096,#1091,#340,.T.);
#1634=EDGE_CURVE('',#1091,#1092,#344,.T.);
#1645=EDGE_CURVE('',#995,#1092,#348,.T.);
#1647=EDGE_CURVE('',#995,#1118,#461,.T.);
#1659=EDGE_CURVE('',#1091,#990,#377,.T.);
#1663=EDGE_CURVE('',#979,#980,#385,.T.);
#1665=EDGE_CURVE('',#1006,#980,#363,.T.);
#1667=EDGE_CURVE('',#1005,#1006,#368,.T.);
#1669=EDGE_CURVE('',#1005,#996,#453,.T.);
#1671=EDGE_CURVE('',#995,#996,#373,.T.);
#1695=EDGE_CURVE('',#1000,#1106,#381,.T.);
#1697=EDGE_CURVE('',#1000,#982,#491,.T.);
#1699=EDGE_CURVE('',#982,#980,#473,.T.);
#1714=EDGE_CURVE('',#1002,#1100,#393,.T.);
#1716=EDGE_CURVE('',#1000,#1002,#397,.T.);
#1728=EDGE_CURVE('',#998,#1099,#401,.T.);
#1730=EDGE_CURVE('',#1002,#998,#405,.T.);
#1742=EDGE_CURVE('',#992,#1109,#409,.T.);
#1744=EDGE_CURVE('',#998,#992,#413,.T.);
#1756=EDGE_CURVE('',#985,#1110,#417,.T.);
#1758=EDGE_CURVE('',#992,#985,#421,.T.);
#1770=EDGE_CURVE('',#986,#1112,#425,.T.);
#1772=EDGE_CURVE('',#985,#986,#429,.T.);
#1784=EDGE_CURVE('',#973,#1104,#433,.T.);
#1786=EDGE_CURVE('',#986,#973,#437,.T.);
#1798=EDGE_CURVE('',#974,#1103,#441,.T.);
#1800=EDGE_CURVE('',#973,#974,#445,.T.);
#1812=EDGE_CURVE('',#1120,#996,#465,.T.);
#1815=EDGE_CURVE('',#1005,#976,#469,.T.);
#1817=EDGE_CURVE('',#976,#974,#477,.T.);
#1846=EDGE_CURVE('',#982,#1008,#487,.T.);
#1848=EDGE_CURVE('',#1008,#976,#482,.T.);
#1895=EDGE_CURVE('',#879,#890,#496,.T.);
#1905=EDGE_CURVE('',#879,#886,#501,.T.);
#1930=EDGE_CURVE('',#1082,#952,#538,.T.);
#1932=EDGE_CURVE('',#954,#952,#522,.T.);
#1944=EDGE_CURVE('',#1081,#949,#550,.T.);
#1946=EDGE_CURVE('',#952,#949,#534,.T.);
#1959=EDGE_CURVE('',#949,#950,#546,.T.);
#1984=EDGE_CURVE('',#876,#874,#558,.T.);
#2007=EDGE_CURVE('',#907,#1062,#583,.T.);
#2012=EDGE_CURVE('',#923,#1046,#570,.T.);
#2014=EDGE_CURVE('',#923,#942,#674,.T.);
#2016=EDGE_CURVE('',#942,#908,#657,.T.);
#2018=EDGE_CURVE('',#907,#908,#574,.T.);
#2030=EDGE_CURVE('',#907,#946,#592,.T.);
#2032=EDGE_CURVE('',#1061,#946,#587,.T.);
#2043=EDGE_CURVE('',#1012,#1014,#610,.T.);
#2045=EDGE_CURVE('',#944,#1014,#624,.T.);
#2047=EDGE_CURVE('',#944,#939,#636,.T.);
#2050=EDGE_CURVE('',#940,#946,#644,.T.);
#2054=EDGE_CURVE('',#911,#908,#653,.T.);
#2056=EDGE_CURVE('',#911,#912,#686,.T.);
#2058=EDGE_CURVE('',#920,#912,#597,.T.);
#2060=EDGE_CURVE('',#920,#936,#791,.T.);
#2063=EDGE_CURVE('',#927,#928,#799,.T.);
#2065=EDGE_CURVE('',#934,#928,#602,.T.);
#2067=EDGE_CURVE('',#934,#1011,#824,.T.);
#2078=EDGE_CURVE('',#1067,#1014,#628,.T.);
#2091=EDGE_CURVE('',#944,#1068,#619,.T.);
#2129=EDGE_CURVE('',#942,#917,#662,.T.);
#2131=EDGE_CURVE('',#911,#917,#666,.T.);
#2141=EDGE_CURVE('',#917,#918,#670,.T.);
#2145=EDGE_CURVE('',#923,#924,#770,.T.);
#2147=EDGE_CURVE('',#924,#903,#758,.T.);
#2149=EDGE_CURVE('',#903,#904,#746,.T.);
#2151=EDGE_CURVE('',#904,#914,#734,.T.);
#2153=EDGE_CURVE('',#914,#931,#722,.T.);
#2155=EDGE_CURVE('',#931,#932,#710,.T.);
#2157=EDGE_CURVE('',#932,#918,#698,.T.);
#2167=EDGE_CURVE('',#918,#1056,#694,.T.);
#2172=EDGE_CURVE('',#1049,#912,#783,.T.);
#2188=EDGE_CURVE('',#932,#1055,#706,.T.);
#2201=EDGE_CURVE('',#931,#1076,#718,.T.);
#2214=EDGE_CURVE('',#914,#1074,#730,.T.);
#2227=EDGE_CURVE('',#904,#1041,#742,.T.);
#2240=EDGE_CURVE('',#903,#1042,#754,.T.);
#2253=EDGE_CURVE('',#924,#1045,#766,.T.);
#2276=EDGE_CURVE('',#920,#1050,#779,.T.);
#2301=EDGE_CURVE('',#1072,#928,#816,.T.);
#2314=EDGE_CURVE('',#934,#1058,#812,.T.);
#2339=EDGE_CURVE('',#1017,#866,#848,.T.);
#2341=EDGE_CURVE('',#864,#866,#832,.T.);
#2353=EDGE_CURVE('',#1018,#868,#860,.T.);
#2355=EDGE_CURVE('',#866,#868,#844,.T.);
#2368=EDGE_CURVE('',#868,#863,#856,.T.);
#2386=CLOSED_SHELL('',(#1138,#1156,#1174,#1190,#1206,#1231,#1257,#1279,#1308,
#1351,#1382,#1413,#1427,#1468,#1496,#1509,#1523,#1538,#1551,#1563,#1576,#1589,
#1617,#1638,#1652,#1676,#1688,#1707,#1721,#1735,#1749,#1763,#1777,#1791,#1805,
#1824,#1836,#1852,#1871,#1899,#1911,#1923,#1937,#1951,#1964,#1976,#1989,#2001,
#2022,#2036,#2071,#2084,#2097,#2109,#2121,#2135,#2161,#2179,#2192,#2205,#2218,
#2231,#2244,#2257,#2269,#2282,#2294,#2307,#2320,#2332,#2346,#2360,#2373,#2385));
#2399=CIRCLE('',#2398,1.279527559055E-3);
#2404=CIRCLE('',#2403,1.279527559055E-3);
#2409=CIRCLE('',#2408,1.279527559055E-3);
#2414=CIRCLE('',#2413,1.279527559055E-3);
#2435=CIRCLE('',#2434,1.377952755906E-3);
#2476=CIRCLE('',#2475,1.377952755906E-3);
#2534=B_SPLINE_CURVE_WITH_KNOTS('',3,(#2525,#2526,#2527,#2528,#2529,#2530,#2531,
#2532,#2533),.UNSPECIFIED.,.F.,.F.,(4,1,1,1,1,1,4),(0.E0,1.666666666667E-1,
3.333333333333E-1,5.E-1,6.666666666667E-1,8.333333333333E-1,1.E0),
.UNSPECIFIED.);
#2545=B_SPLINE_CURVE_WITH_KNOTS('',3,(#2535,#2536,#2537,#2538,#2539,#2540,#2541,
#2542,#2543,#2544),.UNSPECIFIED.,.F.,.F.,(4,1,1,1,1,1,1,4),(0.E0,
1.428571428571E-1,2.857142857143E-1,4.285714285714E-1,5.714285714286E-1,
7.142857142857E-1,8.571428571429E-1,1.E0),.UNSPECIFIED.);
#2555=B_SPLINE_CURVE_WITH_KNOTS('',3,(#2546,#2547,#2548,#2549,#2550,#2551,#2552,
#2553,#2554),.UNSPECIFIED.,.F.,.F.,(4,1,1,1,1,1,4),(0.E0,1.666666666667E-1,
3.333333333333E-1,5.E-1,6.666666666667E-1,8.333333333333E-1,1.E0),
.UNSPECIFIED.);
#2560=B_SPLINE_CURVE_WITH_KNOTS('',3,(#2556,#2557,#2558,#2559),.UNSPECIFIED.,
.F.,.F.,(4,4),(0.E0,1.E0),.UNSPECIFIED.);
#2570=B_SPLINE_CURVE_WITH_KNOTS('',3,(#2561,#2562,#2563,#2564,#2565,#2566,#2567,
#2568,#2569),.UNSPECIFIED.,.F.,.F.,(4,1,1,1,1,1,4),(0.E0,1.666666666667E-1,
3.333333333333E-1,5.E-1,6.666666666667E-1,8.333333333333E-1,1.E0),
.UNSPECIFIED.);
#2575=B_SPLINE_CURVE_WITH_KNOTS('',3,(#2571,#2572,#2573,#2574),.UNSPECIFIED.,
.F.,.F.,(4,4),(0.E0,1.E0),.UNSPECIFIED.);
#2580=CIRCLE('',#2579,5.905511811024E-4);
#2585=CIRCLE('',#2584,5.905511811024E-4);
#2597=B_SPLINE_CURVE_WITH_KNOTS('',3,(#2586,#2587,#2588,#2589,#2590,#2591,#2592,
#2593,#2594,#2595,#2596),.UNSPECIFIED.,.F.,.F.,(4,1,1,1,1,1,1,1,4),(0.E0,
1.250000000002E-1,2.500000000003E-1,3.750000000005E-1,5.000000000006E-1,
6.250000000008E-1,7.500000000009E-1,8.750000000011E-1,1.E0),.UNSPECIFIED.);
#2609=B_SPLINE_CURVE_WITH_KNOTS('',3,(#2598,#2599,#2600,#2601,#2602,#2603,#2604,
#2605,#2606,#2607,#2608),.UNSPECIFIED.,.F.,.F.,(4,1,1,1,1,1,1,1,4),(0.E0,
1.250000000011E-1,2.500000000009E-1,3.750000000008E-1,5.000000000006E-1,
6.250000000005E-1,7.500000000003E-1,8.750000000002E-1,1.E0),.UNSPECIFIED.);
#2622=CIRCLE('',#2621,5.905511811024E-4);
#2627=CIRCLE('',#2626,5.905511811024E-4);
#2633=B_SPLINE_CURVE_WITH_KNOTS('',3,(#2628,#2629,#2630,#2631,#2632),
.UNSPECIFIED.,.F.,.F.,(4,1,4),(0.E0,1.162043714823E-1,1.E0),.UNSPECIFIED.);
#2639=B_SPLINE_CURVE_WITH_KNOTS('',3,(#2634,#2635,#2636,#2637,#2638),
.UNSPECIFIED.,.F.,.F.,(4,1,4),(0.E0,7.938352179938E-1,1.E0),.UNSPECIFIED.);
#2644=CIRCLE('',#2643,5.905511811024E-4);
#2649=CIRCLE('',#2648,5.905511811024E-4);
#2660=B_SPLINE_CURVE_WITH_KNOTS('',3,(#2650,#2651,#2652,#2653,#2654,#2655,#2656,
#2657,#2658,#2659),.UNSPECIFIED.,.F.,.F.,(4,1,1,1,1,1,1,4),(0.E0,2.5E-1,3.75E-1,
5.E-1,6.25E-1,7.5E-1,8.75E-1,1.E0),.UNSPECIFIED.);
#2670=B_SPLINE_CURVE_WITH_KNOTS('',3,(#2661,#2662,#2663,#2664,#2665,#2666,#2667,
#2668,#2669),.UNSPECIFIED.,.F.,.F.,(4,1,1,1,1,1,4),(0.E0,2.498486477709E-1,
3.748804149672E-1,4.999121821635E-1,6.249439493598E-1,7.499757165561E-1,1.E0),
.UNSPECIFIED.);
#2683=CIRCLE('',#2682,5.905511811024E-4);
#2688=CIRCLE('',#2687,5.905511811024E-4);
#2762=EDGE_CURVE('',#2732,#2734,#2390,.T.);
#2764=EDGE_CURVE('',#2722,#2734,#2399,.T.);
#2766=EDGE_CURVE('',#2721,#2722,#2394,.T.);
#2768=EDGE_CURVE('',#2732,#2721,#2409,.T.);
#2778=EDGE_CURVE('',#2734,#2722,#2404,.T.);
#2781=EDGE_CURVE('',#2721,#2732,#2414,.T.);
#2802=EDGE_CURVE('',#2749,#2750,#2480,.T.);
#2804=EDGE_CURVE('',#2749,#2753,#2504,.T.);
#2806=EDGE_CURVE('',#2753,#2754,#2496,.T.);
#2808=EDGE_CURVE('',#2750,#2754,#2488,.T.);
#2812=EDGE_CURVE('',#2724,#2717,#2418,.T.);
#2814=EDGE_CURVE('',#2717,#2730,#2422,.T.);
#2816=EDGE_CURVE('',#2730,#2727,#2426,.T.);
#2818=EDGE_CURVE('',#2727,#2728,#2430,.T.);
#2820=EDGE_CURVE('',#2728,#2724,#2435,.T.);
#2835=EDGE_CURVE('',#2709,#2724,#2447,.T.);
#2837=EDGE_CURVE('',#2709,#2718,#2439,.T.);
#2839=EDGE_CURVE('',#2717,#2718,#2467,.T.);
#2850=EDGE_CURVE('',#2728,#2710,#2443,.T.);
#2852=EDGE_CURVE('',#2709,#2710,#2476,.T.);
#2864=EDGE_CURVE('',#2727,#2712,#2451,.T.);
#2866=EDGE_CURVE('',#2712,#2710,#2455,.T.);
#2878=EDGE_CURVE('',#2730,#2714,#2459,.T.);
#2880=EDGE_CURVE('',#2714,#2712,#2463,.T.);
#2893=EDGE_CURVE('',#2718,#2714,#2471,.T.);
#2918=EDGE_CURVE('',#2750,#2706,#2484,.T.);
#2920=EDGE_CURVE('',#2705,#2706,#2512,.T.);
#2922=EDGE_CURVE('',#2749,#2705,#2508,.T.);
#2933=EDGE_CURVE('',#2754,#2701,#2492,.T.);
#2935=EDGE_CURVE('',#2706,#2701,#2516,.T.);
#2947=EDGE_CURVE('',#2753,#2702,#2500,.T.);
#2949=EDGE_CURVE('',#2701,#2702,#2520,.T.);
#2962=EDGE_CURVE('',#2702,#2705,#2524,.T.);
#2979=EDGE_CURVE('',#2745,#2746,#2555,.T.);
#2981=EDGE_CURVE('',#2746,#2745,#2570,.T.);
#2985=EDGE_CURVE('',#2755,#2756,#2534,.T.);
#2987=EDGE_CURVE('',#2756,#2755,#2545,.T.);
#3062=EDGE_CURVE('',#2745,#2696,#2560,.T.);
#3064=EDGE_CURVE('',#2695,#2696,#2597,.T.);
#3066=EDGE_CURVE('',#2746,#2695,#2575,.T.);
#3142=EDGE_CURVE('',#2696,#2695,#2609,.T.);
#3153=EDGE_CURVE('',#2692,#2691,#2580,.T.);
#3155=EDGE_CURVE('',#2691,#2692,#2585,.T.);
#3169=EDGE_CURVE('',#2694,#2691,#2613,.T.);
#3172=EDGE_CURVE('',#2698,#2692,#2617,.T.);
#3174=EDGE_CURVE('',#2694,#2698,#2622,.T.);
#3186=EDGE_CURVE('',#2698,#2694,#2627,.T.);
#3269=EDGE_CURVE('',#2756,#2735,#2633,.T.);
#3271=EDGE_CURVE('',#2736,#2735,#2660,.T.);
#3273=EDGE_CURVE('',#2736,#2755,#2639,.T.);
#3326=EDGE_CURVE('',#2735,#2736,#2670,.T.);
#3337=EDGE_CURVE('',#2744,#2743,#2644,.T.);
#3339=EDGE_CURVE('',#2743,#2744,#2649,.T.);
#3353=EDGE_CURVE('',#2740,#2743,#2674,.T.);
#3356=EDGE_CURVE('',#2739,#2744,#2678,.T.);
#3358=EDGE_CURVE('',#2740,#2739,#2683,.T.);
#3370=EDGE_CURVE('',#2739,#2740,#2688,.T.);
#3386=CLOSED_SHELL('',(#2772,#2786,#2796,#2828,#2843,#2857,#2871,#2885,#2898,
#2911,#2926,#2940,#2954,#2967,#2991,#3070,#3147,#3163,#3178,#3191,#3201,#3277,
#3331,#3347,#3362,#3375,#3385));
#3388=BREP_WITH_VOIDS('',#2386,(#3387));
#3390=(LENGTH_UNIT()NAMED_UNIT(*)SI_UNIT(.MILLI.,.METRE.));
#3394=(NAMED_UNIT(*)PLANE_ANGLE_UNIT()SI_UNIT($,.RADIAN.));
#3397=(NAMED_UNIT(*)SI_UNIT($,.STERADIAN.)SOLID_ANGLE_UNIT());
#3400=ADVANCED_BREP_SHAPE_REPRESENTATION('',(#3388),#3399);
#3407=PRODUCT_DEFINITION('design','',#3406,#3403);
#3408=PRODUCT_DEFINITION_SHAPE('','SHAPE FOR 4500521862823.',#3407);
#3409=SHAPE_DEFINITION_REPRESENTATION(#3408,#3400);
ENDSEC;
END-ISO-10303-21;
